method,keep,mask_p,sampling,cs_type,n,r_hat,radius,lcb_f,ucb_f
cip-affine,512,0.1,iid,hoeffding,50,0.0,0.34656349731962505,0.653436502680375,1.0
cip-affine,512,0.1,iid,hoeffding,100,0.0,0.25881383394788676,0.7411861660521133,1.0
cip-affine,512,0.1,iid,hoeffding,200,0.0,0.19224473002972509,0.8077552699702749,1.0
cip-affine,512,0.1,iid,hoeffding,500,0.0,0.12890227287922065,0.8710977271207794,1.0
cip-affine,512,0.1,iid,hoeffding,1000,0.0,0.09487383810763891,0.9051261618923611,1.0
cip-affine,512,0.1,iid,hoeffding,2000,0.0,0.06962108997220032,0.9303789100277997,1.0
cip-affine,512,0.1,iid,hoeffding,5000,0.0,0.046066219879014554,0.9539337801209854,1.0
cip-affine,512,0.1,iid,hoeffding,10000,0.0,0.03362087186595333,0.9663791281340467,1.0
cip-affine,512,0.1,iid,betting,50,0.0,0.06363296508789062,0.8727340698242188,1.0
cip-affine,512,0.1,iid,betting,100,0.0,0.031154632568359375,0.9376907348632812,1.0
cip-affine,512,0.1,iid,betting,200,0.0,0.01541900634765625,0.9691619873046875,1.0
cip-affine,512,0.1,iid,betting,500,0.0,0.006130218505859375,0.9877395629882812,1.0
cip-affine,512,0.1,iid,betting,1000,0.0,0.00305938720703125,0.9938812255859375,1.0
cip-affine,512,0.1,iid,betting,2000,0.0,0.001529693603515625,0.9969406127929688,1.0
cip-affine,512,0.1,iid,betting,5000,0.0,0.000614166259765625,0.9987716674804688,1.0
cip-affine,512,0.1,iid,betting,10000,0.0,0.0,1.0,1.0
cip-affine,512,0.1,adaptive,hoeffding,50,0.0,0.49509071045660724,0.5049092895433928,1.0
cip-affine,512,0.1,adaptive,hoeffding,100,0.0,0.3697340484969811,0.6302659515030189,1.0
cip-affine,512,0.1,adaptive,hoeffding,200,0.0,0.274635328613893,0.725364671386107,1.0
cip-affine,512,0.1,adaptive,hoeffding,500,0.0,0.18414610411317237,0.8158538958868277,1.0
cip-affine,512,0.1,adaptive,hoeffding,1000,0.0,0.13553405443948416,0.8644659455605158,1.0
cip-affine,512,0.1,adaptive,hoeffding,2000,0.0,0.09945869996028617,0.9005413000397138,1.0
cip-affine,512,0.1,adaptive,hoeffding,5000,0.0,0.06580888554144937,0.9341911144585506,1.0
cip-affine,512,0.1,adaptive,hoeffding,10000,0.0,0.04802981695136191,0.9519701830486381,1.0
cip-affine,512,0.1,adaptive,betting,50,0.0,0.09090423583984375,0.8181915283203125,1.0
cip-affine,512,0.1,adaptive,betting,100,0.0,0.044506617954799106,0.9109867640904018,1.0
cip-affine,512,0.1,adaptive,betting,200,0.0,0.022027151925223216,0.9559456961495536,1.0
cip-affine,512,0.1,adaptive,betting,500,0.0,0.008757455008370536,0.9824850899832589,1.0
cip-affine,512,0.1,adaptive,betting,1000,0.0,0.004370553152901786,0.9912588936941964,1.0
cip-affine,512,0.1,adaptive,betting,2000,0.0,0.002185276576450893,0.9956294468470982,1.0
cip-affine,512,0.1,adaptive,betting,5000,0.0,0.00087738037109375,0.9982452392578125,1.0
cip-affine,512,0.1,adaptive,betting,10000,0.0,0.0,1.0,1.0
cip-affine,512,0.2,iid,hoeffding,50,0.0,0.34656349731962505,0.653436502680375,1.0
cip-affine,512,0.2,iid,hoeffding,100,0.0,0.25881383394788676,0.7411861660521133,1.0
cip-affine,512,0.2,iid,hoeffding,200,0.0,0.19224473002972509,0.8077552699702749,1.0
cip-affine,512,0.2,iid,hoeffding,500,0.0,0.12890227287922065,0.8710977271207794,1.0
cip-affine,512,0.2,iid,hoeffding,1000,0.0,0.09487383810763891,0.9051261618923611,1.0
cip-affine,512,0.2,iid,hoeffding,2000,0.0,0.06962108997220032,0.9303789100277997,1.0
cip-affine,512,0.2,iid,hoeffding,5000,0.0,0.046066219879014554,0.9539337801209854,1.0
cip-affine,512,0.2,iid,hoeffding,10000,0.0,0.03362087186595333,0.9663791281340467,1.0
cip-affine,512,0.2,iid,betting,50,0.0,0.06363296508789062,0.8727340698242188,1.0
cip-affine,512,0.2,iid,betting,100,0.0,0.031154632568359375,0.9376907348632812,1.0
cip-affine,512,0.2,iid,betting,200,0.0,0.01541900634765625,0.9691619873046875,1.0
cip-affine,512,0.2,iid,betting,500,0.0,0.006130218505859375,0.9877395629882812,1.0
cip-affine,512,0.2,iid,betting,1000,0.0,0.00305938720703125,0.9938812255859375,1.0
cip-affine,512,0.2,iid,betting,2000,0.0,0.001529693603515625,0.9969406127929688,1.0
cip-affine,512,0.2,iid,betting,5000,0.0,0.000614166259765625,0.9987716674804688,1.0
cip-affine,512,0.2,iid,betting,10000,0.0,0.0,1.0,1.0
cip-affine,512,0.2,adaptive,hoeffding,50,0.0,0.49509071045660724,0.5049092895433928,1.0
cip-affine,512,0.2,adaptive,hoeffding,100,0.0,0.3697340484969811,0.6302659515030189,1.0
cip-affine,512,0.2,adaptive,hoeffding,200,0.0,0.274635328613893,0.725364671386107,1.0
cip-affine,512,0.2,adaptive,hoeffding,500,0.0,0.18414610411317237,0.8158538958868277,1.0
cip-affine,512,0.2,adaptive,hoeffding,1000,0.0,0.13553405443948416,0.8644659455605158,1.0
cip-affine,512,0.2,adaptive,hoeffding,2000,0.0,0.09945869996028617,0.9005413000397138,1.0
cip-affine,512,0.2,adaptive,hoeffding,5000,0.0,0.06580888554144937,0.9341911144585506,1.0
cip-affine,512,0.2,adaptive,hoeffding,10000,0.0,0.04802981695136191,0.9519701830486381,1.0
cip-affine,512,0.2,adaptive,betting,50,0.0,0.09090423583984375,0.8181915283203125,1.0
cip-affine,512,0.2,adaptive,betting,100,0.0,0.044506617954799106,0.9109867640904018,1.0
cip-affine,512,0.2,adaptive,betting,200,0.0,0.022027151925223216,0.9559456961495536,1.0
cip-affine,512,0.2,adaptive,betting,500,0.0,0.008757455008370536,0.9824850899832589,1.0
cip-affine,512,0.2,adaptive,betting,1000,0.0,0.004370553152901786,0.9912588936941964,1.0
cip-affine,512,0.2,adaptive,betting,2000,0.0,0.002185276576450893,0.9956294468470982,1.0
cip-affine,512,0.2,adaptive,betting,5000,0.0,0.00087738037109375,0.9982452392578125,1.0
cip-affine,512,0.2,adaptive,betting,10000,0.0,0.0,1.0,1.0
cip-affine,512,0.5,iid,hoeffding,50,0.0,0.34656349731962505,0.653436502680375,1.0
cip-affine,512,0.5,iid,hoeffding,100,0.0,0.25881383394788676,0.7411861660521133,1.0
cip-affine,512,0.5,iid,hoeffding,200,0.0,0.19224473002972509,0.8077552699702749,1.0
cip-affine,512,0.5,iid,hoeffding,500,0.0,0.12890227287922065,0.8710977271207794,1.0
cip-affine,512,0.5,iid,hoeffding,1000,0.0,0.09487383810763891,0.9051261618923611,1.0
cip-affine,512,0.5,iid,hoeffding,2000,0.0,0.06962108997220032,0.9303789100277997,1.0
cip-affine,512,0.5,iid,hoeffding,5000,0.0,0.046066219879014554,0.9539337801209854,1.0
cip-affine,512,0.5,iid,hoeffding,10000,0.0,0.03362087186595333,0.9663791281340467,1.0
cip-affine,512,0.5,iid,betting,50,0.0,0.06363296508789062,0.8727340698242188,1.0
cip-affine,512,0.5,iid,betting,100,0.0,0.031154632568359375,0.9376907348632812,1.0
cip-affine,512,0.5,iid,betting,200,0.0,0.01541900634765625,0.9691619873046875,1.0
cip-affine,512,0.5,iid,betting,500,0.0,0.006130218505859375,0.9877395629882812,1.0
cip-affine,512,0.5,iid,betting,1000,0.0,0.00305938720703125,0.9938812255859375,1.0
cip-affine,512,0.5,iid,betting,2000,0.0,0.001529693603515625,0.9969406127929688,1.0
cip-affine,512,0.5,iid,betting,5000,0.0,0.000614166259765625,0.9987716674804688,1.0
cip-affine,512,0.5,iid,betting,10000,0.0,0.0,1.0,1.0
cip-affine,512,0.5,adaptive,hoeffding,50,0.0,0.49509071045660724,0.5049092895433928,1.0
cip-affine,512,0.5,adaptive,hoeffding,100,0.0,0.3697340484969811,0.6302659515030189,1.0
cip-affine,512,0.5,adaptive,hoeffding,200,0.0,0.274635328613893,0.725364671386107,1.0
cip-affine,512,0.5,adaptive,hoeffding,500,0.0,0.18414610411317237,0.8158538958868277,1.0
cip-affine,512,0.5,adaptive,hoeffding,1000,0.0,0.13553405443948416,0.8644659455605158,1.0
cip-affine,512,0.5,adaptive,hoeffding,2000,0.0,0.09945869996028617,0.9005413000397138,1.0
cip-affine,512,0.5,adaptive,hoeffding,5000,0.0,0.06580888554144937,0.9341911144585506,1.0
cip-affine,512,0.5,adaptive,hoeffding,10000,0.0,0.04802981695136191,0.9519701830486381,1.0
cip-affine,512,0.5,adaptive,betting,50,0.0,0.09090423583984375,0.8181915283203125,1.0
cip-affine,512,0.5,adaptive,betting,100,0.0,0.044506617954799106,0.9109867640904018,1.0
cip-affine,512,0.5,adaptive,betting,200,0.0,0.022027151925223216,0.9559456961495536,1.0
cip-affine,512,0.5,adaptive,betting,500,0.0,0.008757455008370536,0.9824850899832589,1.0
cip-affine,512,0.5,adaptive,betting,1000,0.0,0.004370553152901786,0.9912588936941964,1.0
cip-affine,512,0.5,adaptive,betting,2000,0.0,0.002185276576450893,0.9956294468470982,1.0
cip-affine,512,0.5,adaptive,betting,5000,0.0,0.00087738037109375,0.9982452392578125,1.0
cip-affine,512,0.5,adaptive,betting,10000,0.0,0.0,1.0,1.0
cip-affine,384,0.1,iid,hoeffding,50,0.02,0.34656349731962505,0.633436502680375,1.0
cip-affine,384,0.1,iid,hoeffding,100,0.02,0.25881383394788676,0.7211861660521133,1.0
cip-affine,384,0.1,iid,hoeffding,200,0.01,0.19224473002972509,0.7977552699702749,1.0
cip-affine,384,0.1,iid,hoeffding,500,0.008,0.12890227287922065,0.8630977271207794,1.0
cip-affine,384,0.1,iid,hoeffding,1000,0.007,0.09487383810763891,0.898126161892361,1.0
cip-affine,384,0.1,iid,hoeffding,2000,0.009,0.06962108997220032,0.9213789100277997,1.0
cip-affine,384,0.1,iid,hoeffding,5000,0.0102,0.046066219879014554,0.9437337801209854,1.0
cip-affine,384,0.1,iid,hoeffding,10000,0.0107,0.03362087186595333,0.9556791281340467,1.0
cip-affine,384,0.1,iid,betting,50,0.02,0.09031585693359379,0.8193682861328124,1.0
cip-affine,384,0.1,iid,betting,100,0.02,0.053705673217773434,0.8925886535644532,1.0
cip-affine,384,0.1,iid,betting,200,0.01,0.02896221160888672,0.9420755767822265,1.0
cip-affine,384,0.1,iid,betting,500,0.008,0.015235229492187502,0.969529541015625,1.0
cip-affine,384,0.1,iid,betting,1000,0.007,0.009727462768554688,0.9805450744628906,1.0
cip-affine,384,0.1,iid,betting,2000,0.009,0.007562660217285154,0.9821237030029297,0.9972490234375
cip-affine,384,0.1,iid,betting,5000,0.0102,0.004873832702636719,0.9841363189697265,0.993883984375
cip-affine,384,0.1,iid,betting,10000,0.0107,0.0036044055938720693,0.9852468528747559,0.9924556640625
cip-affine,384,0.1,adaptive,hoeffding,50,0.0,0.49509071045660724,0.5049092895433928,1.0
cip-affine,384,0.1,adaptive,hoeffding,100,0.0,0.3697340484969811,0.6302659515030189,1.0
cip-affine,384,0.1,adaptive,hoeffding,200,0.0,0.274635328613893,0.725364671386107,1.0
cip-affine,384,0.1,adaptive,hoeffding,500,0.0072022521495819095,0.18414610411317237,0.8086516437372457,1.0
cip-affine,384,0.1,adaptive,hoeffding,1000,0.00883880724478513,0.13553405443948416,0.8556271383157307,1.0
cip-affine,384,0.1,adaptive,hoeffding,2000,0.010159487810451538,0.09945869996028617,0.8903818122292623,1.0
cip-affine,384,0.1,adaptive,hoeffding,5000,0.011142522257752717,0.06580888554144937,0.9230485922007979,1.0
cip-affine,384,0.1,adaptive,hoeffding,10000,0.010365224779443816,0.04802981695136191,0.9416049582691943,1.0
cip-affine,384,0.1,adaptive,betting,50,0.0,0.09090423583984375,0.8181915283203125,1.0
cip-affine,384,0.1,adaptive,betting,100,0.0,0.044506617954799106,0.9109867640904018,1.0
cip-affine,384,0.1,adaptive,betting,200,0.0,0.022027151925223216,0.9559456961495536,1.0
cip-affine,384,0.1,adaptive,betting,500,0.0072022521495819095,0.017123826292976707,0.9657523474140466,1.0
cip-affine,384,0.1,adaptive,betting,1000,0.00883880724478513,0.013350140517258116,0.9732997189654837,1.0
cip-affine,384,0.1,adaptive,betting,2000,0.010159487810451538,0.009339189193032674,0.9785535580405792,0.9972319364266445
cip-affine,384,0.1,adaptive,betting,5000,0.011142522257752719,0.005566232880837192,0.9819905087823688,0.9931229745440432
cip-affine,384,0.1,adaptive,betting,10000,0.010365224779443816,0.0037273790353312976,0.9851660926478779,0.9926208507185404
cip-affine,384,0.2,iid,hoeffding,50,0.04,0.34656349731962505,0.613436502680375,1.0
cip-affine,384,0.2,iid,hoeffding,100,0.03,0.25881383394788676,0.7111861660521133,1.0
cip-affine,384,0.2,iid,hoeffding,200,0.02,0.19224473002972509,0.7877552699702749,1.0
cip-affine,384,0.2,iid,hoeffding,500,0.024,0.12890227287922065,0.8470977271207794,1.0
cip-affine,384,0.2,iid,hoeffding,1000,0.017,0.09487383810763891,0.888126161892361,1.0
cip-affine,384,0.2,iid,hoeffding,2000,0.021,0.06962108997220032,0.9093789100277997,1.0
cip-affine,384,0.2,iid,hoeffding,5000,0.0254,0.046066219879014554,0.9285337801209854,1.0
cip-affine,384,0.2,iid,hoeffding,10000,0.0272,0.03362087186595333,0.9391791281340467,1.0
cip-affine,384,0.2,iid,betting,50,0.04,0.10574829101562502,0.78850341796875,1.0
cip-affine,384,0.2,iid,betting,100,0.03,0.06665557861328125,0.8666888427734375,1.0
cip-affine,384,0.2,iid,betting,200,0.02,0.03867729187011719,0.9226454162597656,1.0
cip-affine,384,0.2,iid,betting,500,0.024,0.025453918457031256,0.9456116943359375,0.99651953125
cip-affine,384,0.2,iid,betting,1000,0.017,0.015051448822021479,0.9649332351684571,0.9950361328125
cip-affine,384,0.2,iid,betting,2000,0.021,0.011356010437011716,0.9656600494384766,0.9883720703125
cip-affine,384,0.2,iid,betting,5000,0.0254,0.007723957824707035,0.9660787933349609,0.981526708984375
cip-affine,384,0.2,iid,betting,10000,0.0272,0.005760546875000001,0.966684375,0.97820546875
cip-affine,384,0.2,adaptive,hoeffding,50,0.026908569002989678,0.49509071045660724,0.4780007205404031,1.0
cip-affine,384,0.2,adaptive,hoeffding,100,0.027739252877654507,0.3697340484969811,0.6025266986253643,1.0
cip-affine,384,0.2,adaptive,hoeffding,200,0.027690796788665466,0.274635328613893,0.6976738745974416,1.0
cip-affine,384,0.2,adaptive,hoeffding,500,0.03167682749847882,0.18414610411317237,0.7841770683883489,1.0
cip-affine,384,0.2,adaptive,hoeffding,1000,0.03070881326039671,0.13553405443948416,0.8337571323001192,1.0
cip-affine,384,0.2,adaptive,hoeffding,2000,0.023279270418992384,0.09945869996028617,0.8772620296207214,1.0
cip-affine,384,0.2,adaptive,hoeffding,5000,0.026862664771810523,0.06580888554144937,0.9073284496867401,1.0
cip-affine,384,0.2,adaptive,hoeffding,10000,0.026721832647021847,0.04802981695136191,0.9252483504016162,1.0
cip-affine,384,0.2,adaptive,betting,50,0.026908569002989678,0.1157515479493074,0.7684969041013852,1.0
cip-affine,384,0.2,adaptive,betting,100,0.02773925287765451,0.07335625889970027,0.8532874822005995,1.0
cip-affine,384,0.2,adaptive,betting,200,0.027690796788665466,0.053481368113009305,0.8930372637739814,1.0
cip-affine,384,0.2,adaptive,betting,500,0.03167682749847882,0.03557092081041685,0.9251924317594693,0.996334273380303
cip-affine,384,0.2,adaptive,betting,1000,0.030708813260396706,0.023454776706078522,0.9409973519127892,0.9879069053249463
cip-affine,384,0.2,adaptive,betting,2000,0.02327927041899238,0.013143216459480068,0.9615283239710986,0.9878147568900587
cip-affine,384,0.2,adaptive,betting,5000,0.026862664771810513,0.009023474763675625,0.962881607807506,0.9809285573348572
cip-affine,384,0.2,adaptive,betting,10000,0.026721832647021843,0.006542404568764683,0.9660909501863735,0.9791757593239029
cip-affine,384,0.5,iid,hoeffding,50,0.3,0.34656349731962505,0.35343650268037496,1.0
cip-affine,384,0.5,iid,hoeffding,100,0.31,0.25881383394788676,0.43118616605211324,0.9488138339478868
cip-affine,384,0.5,iid,hoeffding,200,0.295,0.19224473002972509,0.5127552699702749,0.897244730029725
cip-affine,384,0.5,iid,hoeffding,500,0.326,0.12890227287922065,0.5450977271207793,0.8029022728792207
cip-affine,384,0.5,iid,hoeffding,1000,0.31,0.09487383810763891,0.5951261618923611,0.7848738381076389
cip-affine,384,0.5,iid,hoeffding,2000,0.3145,0.06962108997220032,0.6158789100277997,0.7551210899722003
cip-affine,384,0.5,iid,hoeffding,5000,0.3056,0.046066219879014554,0.6483337801209854,0.7404662198790146
cip-affine,384,0.5,iid,hoeffding,10000,0.3049,0.03362087186595333,0.6614791281340466,0.7287208718659534
cip-affine,384,0.5,iid,betting,50,0.3,0.20503196716308597,0.5034187316894531,0.913482666015625
cip-affine,384,0.5,iid,betting,100,0.31,0.1347974395751953,0.5650364685058594,0.83463134765625
cip-affine,384,0.5,iid,betting,200,0.295,0.09615907669067375,0.6087585067749025,0.80107666015625
cip-affine,384,0.5,iid,betting,500,0.326,0.06383230590820316,0.6090024414062499,0.7366670532226562
cip-affine,384,0.5,iid,betting,1000,0.31,0.046611709594726575,0.6429057312011719,0.7361291503906251
cip-affine,384,0.5,iid,betting,2000,0.3145,0.03529823493957515,0.6499834098815918,0.7205798797607421
cip-affine,384,0.5,iid,betting,5000,0.3056,0.02337761230468749,0.670866943359375,0.71762216796875
cip-affine,384,0.5,iid,betting,10000,0.3049,0.01750859909057617,0.677482795715332,0.7124999938964844
cip-affine,384,0.5,adaptive,hoeffding,50,0.4000000095541645,0.49509071045660724,0.10490927998922828,1.0
cip-affine,384,0.5,adaptive,hoeffding,100,0.37142858123046885,0.3697340484969811,0.25883737027255005,0.9983054672665123
cip-affine,384,0.5,adaptive,hoeffding,200,0.33571432573486715,0.274635328613893,0.3896503456512399,0.9389210028790258
cip-affine,384,0.5,adaptive,hoeffding,500,0.2828572746660139,0.18414610411317237,0.5329966212208137,0.9012888294471585
cip-affine,384,0.5,adaptive,hoeffding,1000,0.32000007731403496,0.13553405443948416,0.5444658682464809,0.8155339771254492
cip-affine,384,0.5,adaptive,hoeffding,2000,0.31357154687300176,0.09945869996028617,0.5869697531667121,0.7858871530872844
cip-affine,384,0.5,adaptive,hoeffding,5000,0.3042858541419953,0.06580888554144937,0.6299052603165554,0.7615230313994541
cip-affine,384,0.5,adaptive,hoeffding,10000,0.3022863217954198,0.04802981695136191,0.6496838612532183,0.7457434951559421
cip-affine,384,0.5,adaptive,betting,50,0.40000000001742125,0.32465471540532326,0.24945765902869443,0.898767089839341
cip-affine,384,0.5,adaptive,betting,100,0.37142857237492166,0.20756127508862968,0.4093307487616319,0.8244532989388913
cip-affine,384,0.5,adaptive,betting,200,0.33571431773081495,0.140106886365851,0.5140628538541512,0.7942766265858532
cip-affine,384,0.5,adaptive,betting,500,0.282857267922174,0.07699455302963132,0.6346966264012226,0.7886857324604852
cip-affine,384,0.5,adaptive,betting,1000,0.3200000696846405,0.06474806039379305,0.6137167139182971,0.7432128347058832
cip-affine,384,0.5,adaptive,betting,2000,0.31357153939687643,0.048861768312947945,0.6360258243165084,0.7337493609424044
cip-affine,384,0.5,adaptive,betting,5000,0.3042858469076945,0.03201630674819275,0.663059160344855,0.7270917738412405
cip-affine,384,0.5,adaptive,betting,10000,0.30228631460539673,0.02344261086536442,0.6739372044502062,0.7208224261809351
cip-affine,256,0.1,iid,hoeffding,50,0.02,0.34656349731962505,0.633436502680375,1.0
cip-affine,256,0.1,iid,hoeffding,100,0.01,0.25881383394788676,0.7311861660521133,1.0
cip-affine,256,0.1,iid,hoeffding,200,0.015,0.19224473002972509,0.7927552699702749,1.0
cip-affine,256,0.1,iid,hoeffding,500,0.014,0.12890227287922065,0.8570977271207794,1.0
cip-affine,256,0.1,iid,hoeffding,1000,0.013,0.09487383810763891,0.892126161892361,1.0
cip-affine,256,0.1,iid,hoeffding,2000,0.014,0.06962108997220032,0.9163789100277997,1.0
cip-affine,256,0.1,iid,hoeffding,5000,0.0156,0.046066219879014554,0.9383337801209855,1.0
cip-affine,256,0.1,iid,hoeffding,10000,0.0162,0.03362087186595333,0.9501791281340467,1.0
cip-affine,256,0.1,iid,betting,50,0.02,0.09031585693359379,0.8193682861328124,1.0
cip-affine,256,0.1,iid,betting,100,0.01,0.046209716796874994,0.90758056640625,1.0
cip-affine,256,0.1,iid,betting,200,0.015,0.03276903152465821,0.9344619369506836,1.0
cip-affine,256,0.1,iid,betting,500,0.014,0.020393959045410158,0.9592120819091797,1.0
cip-affine,256,0.1,iid,betting,1000,0.013,0.013466869354248047,0.9707874526977539,0.99772119140625
cip-affine,256,0.1,iid,betting,2000,0.014,0.009540153503417968,0.9746032867431641,0.99368359375
cip-affine,256,0.1,iid,betting,5000,0.0156,0.0062664398193359415,0.9770848937988281,0.9896177734375
cip-affine,256,0.1,iid,betting,10000,0.0162,0.00467200698852539,0.9785534469604492,0.9878974609375
cip-affine,256,0.1,adaptive,hoeffding,50,0.0007393426448106766,0.49509071045660724,0.5041699468985821,1.0
cip-affine,256,0.1,adaptive,hoeffding,100,0.0003696713224053383,0.3697340484969811,0.6298962801806136,1.0
cip-affine,256,0.1,adaptive,hoeffding,200,0.025504687149077655,0.274635328613893,0.6998599842370293,1.0
cip-affine,256,0.1,adaptive,hoeffding,500,0.023697368271648884,0.18414610411317237,0.7921565276151787,1.0
cip-affine,256,0.1,adaptive,hoeffding,1000,0.017962075415998698,0.13553405443948416,0.8465038701445171,1.0
cip-affine,256,0.1,adaptive,hoeffding,2000,0.017257770298048855,0.09945869996028617,0.883283529741665,1.0
cip-affine,256,0.1,adaptive,hoeffding,5000,0.01772982176169753,0.06580888554144937,0.9164612926968531,1.0
cip-affine,256,0.1,adaptive,hoeffding,10000,0.018750422610901298,0.04802981695136191,0.9332197604377368,1.0
cip-affine,256,0.1,adaptive,betting,50,0.0007393426448106766,0.09128132806908343,0.8174373438618332,1.0
cip-affine,256,0.1,adaptive,betting,100,0.0003696713224053383,0.044696281113795595,0.9106074377724088,1.0
cip-affine,256,0.1,adaptive,betting,200,0.025504687149077658,0.03988837712484446,0.9202232457503111,1.0
cip-affine,256,0.1,adaptive,betting,500,0.023697368271648884,0.029673281016001238,0.9406534379679975,1.0
cip-affine,256,0.1,adaptive,betting,1000,0.017962075415998698,0.01697696563310215,0.9622571934507335,0.9962111247169377
cip-affine,256,0.1,adaptive,betting,2000,0.01725777029804886,0.010657182144088995,0.9704780828454648,0.9917924471336428
cip-affine,256,0.1,adaptive,betting,5000,0.017729821761697535,0.006558457897753268,0.9748323459758397,0.9879492617713462
cip-affine,256,0.1,adaptive,betting,10000,0.018750422610901298,0.004860469479455153,0.9758500248912946,0.9855709638502048
cip-affine,256,0.2,iid,hoeffding,50,0.08,0.34656349731962505,0.5734365026803749,1.0
cip-affine,256,0.2,iid,hoeffding,100,0.06,0.25881383394788676,0.6811861660521132,1.0
cip-affine,256,0.2,iid,hoeffding,200,0.045,0.19224473002972509,0.7627552699702749,1.0
cip-affine,256,0.2,iid,hoeffding,500,0.046,0.12890227287922065,0.8250977271207793,1.0
cip-affine,256,0.2,iid,hoeffding,1000,0.048,0.09487383810763891,0.8571261618923611,1.0
cip-affine,256,0.2,iid,hoeffding,2000,0.0445,0.06962108997220032,0.8858789100277997,1.0
cip-affine,256,0.2,iid,hoeffding,5000,0.0478,0.046066219879014554,0.9061337801209854,0.9982662198790145
cip-affine,256,0.2,iid,hoeffding,10000,0.0482,0.03362087186595333,0.9181791281340467,0.9854208718659533
cip-affine,256,0.2,iid,betting,50,0.08,0.13838241577148436,0.7232351684570313,1.0
cip-affine,256,0.2,iid,betting,100,0.06,0.0853936767578125,0.829212646484375,1.0
cip-affine,256,0.2,iid,betting,200,0.045,0.055551509857177724,0.8875236892700196,0.998626708984375
cip-affine,256,0.2,iid,betting,500,0.046,0.03370629119873047,0.914208755493164,0.981621337890625
cip-affine,256,0.2,iid,betting,1000,0.048,0.02337249755859376,0.9250245361328124,0.97176953125
cip-affine,256,0.2,iid,betting,2000,0.0445,0.01682170295715332,0.9357954368591308,0.9694388427734375
cip-affine,256,0.2,iid,betting,5000,0.0478,0.011468819427490236,0.9395085525512695,0.96244619140625
cip-affine,256,0.2,iid,betting,10000,0.0482,0.008332760620117185,0.9428245910644532,0.9594901123046875
cip-affine,256,0.2,adaptive,hoeffding,50,0.04191073545254767,0.49509071045660724,0.4629985540908451,1.0
cip-affine,256,0.2,adaptive,hoeffding,100,0.0350911456765607,0.3697340484969811,0.5951748058264582,1.0
cip-affine,256,0.2,adaptive,hoeffding,200,0.04753285529324785,0.274635328613893,0.6778318160928591,1.0
cip-affine,256,0.2,adaptive,hoeffding,500,0.06047443796508014,0.18414610411317237,0.7553794579217474,1.0
cip-affine,256,0.2,adaptive,hoeffding,1000,0.0567095223583674,0.13553405443948416,0.8077564232021485,1.0
cip-affine,256,0.2,adaptive,hoeffding,2000,0.053079868393379,0.09945869996028617,0.8474614316463348,1.0
cip-affine,256,0.2,adaptive,hoeffding,5000,0.04899141429754527,0.06580888554144937,0.8851997001610054,1.0
cip-affine,256,0.2,adaptive,hoeffding,10000,0.043354666949472445,0.04802981695136191,0.9086155160991657,1.0
cip-affine,256,0.2,adaptive,betting,50,0.04191073545254768,0.14107895506772233,0.7178420898645553,1.0
cip-affine,256,0.2,adaptive,betting,100,0.0350911456765607,0.08619259269494052,0.827614814610119,1.0
cip-affine,256,0.2,adaptive,betting,200,0.047532855293247855,0.06405795828791852,0.871884083424163,1.0
cip-affine,256,0.2,adaptive,betting,500,0.06047443796508014,0.04392763922406092,0.8887876510292325,0.9766429294773543
cip-affine,256,0.2,adaptive,betting,1000,0.05670952235836742,0.02907072008012303,0.9101117495937245,0.9682531897539706
cip-affine,256,0.2,adaptive,betting,2000,0.053079868393379005,0.01981283300183062,0.9244521183746477,0.9640777843783089
cip-affine,256,0.2,adaptive,betting,5000,0.048991414297545284,0.012486021033450628,0.9371361609373411,0.9621082030042423
cip-affine,256,0.2,adaptive,betting,10000,0.043354666949472466,0.007424101234570456,0.9484442816664131,0.9632924841355541
cip-affine,256,0.5,iid,hoeffding,50,0.44,0.34656349731962505,0.21343650268037495,0.906563497319625
cip-affine,256,0.5,iid,hoeffding,100,0.45,0.25881383394788676,0.2911861660521132,0.8088138339478868
cip-affine,256,0.5,iid,hoeffding,200,0.395,0.19224473002972509,0.4127552699702749,0.7972447300297251
cip-affine,256,0.5,iid,hoeffding,500,0.41,0.12890227287922065,0.46109772712077934,0.7189022728792207
cip-affine,256,0.5,iid,hoeffding,1000,0.422,0.09487383810763891,0.48312616189236113,0.6728738381076389
cip-affine,256,0.5,iid,hoeffding,2000,0.4445,0.06962108997220032,0.4858789100277997,0.6251210899722003
cip-affine,256,0.5,iid,hoeffding,5000,0.4412,0.046066219879014554,0.5127337801209855,0.6048662198790146
cip-affine,256,0.5,iid,hoeffding,10000,0.4416,0.03362087186595333,0.5247791281340467,0.5920208718659533
cip-affine,256,0.5,iid,betting,50,0.44,0.23592285156249998,0.3346875,0.806533203125
cip-affine,256,0.5,iid,betting,100,0.45,0.15801582336425782,0.3909149169921875,0.7069465637207031
cip-affine,256,0.5,iid,betting,200,0.395,0.10711326599121093,0.4946827697753906,0.7089093017578125
cip-affine,256,0.5,iid,betting,500,0.41,0.07444152832031253,0.5133061218261719,0.6621891784667968
cip-affine,256,0.5,iid,betting,1000,0.422,0.05623542785644531,0.5204169616699219,0.6328878173828125
cip-affine,256,0.5,iid,betting,2000,0.4445,0.03898583602905273,0.5164329299926758,0.5944046020507812
cip-affine,256,0.5,iid,betting,5000,0.4412,0.02638595886230466,0.5323845581054688,0.5851564758300781
cip-affine,256,0.5,iid,betting,10000,0.4416,0.019488537597656314,0.5388965576171875,0.5778736328125
cip-affine,256,0.5,adaptive,hoeffding,50,0.5142858536628997,0.49509071045660724,-0.009376564119506936,0.9808048567937075
cip-affine,256,0.5,adaptive,hoeffding,100,0.48571507585010854,0.3697340484969811,0.14455087565291036,0.8840189726468726
cip-affine,256,0.5,adaptive,hoeffding,200,0.45714015043058565,0.274635328613893,0.2682245209555214,0.8174951781833073
cip-affine,256,0.5,adaptive,hoeffding,500,0.4485628641421952,0.18414610411317237,0.3672910317446324,0.7355832399709772
cip-affine,256,0.5,adaptive,hoeffding,1000,0.4472842981384146,0.13553405443948416,0.4171816474221013,0.6882497563010695
cip-affine,256,0.5,adaptive,hoeffding,2000,0.448665740756768,0.09945869996028617,0.45187555928294576,0.6507929592035182
cip-affine,256,0.5,adaptive,hoeffding,5000,0.44864264543621457,0.06580888554144937,0.48554846902233606,0.6171662401052348
cip-affine,256,0.5,adaptive,hoeffding,10000,0.45182392735693866,0.04802981695136191,0.5001462556916995,0.5962058895944232
cip-affine,256,0.5,adaptive,betting,50,0.5142858427637647,0.34104659499242623,0.13345416209396999,0.8155473520788225
cip-affine,256,0.5,adaptive,betting,100,0.4857150649509735,0.2223716377293048,0.28093028694838296,0.7256735624069925
cip-affine,256,0.5,adaptive,betting,200,0.4571401400423476,0.15152065971602294,0.3838327515136789,0.6868740709457248
cip-affine,256,0.5,adaptive,betting,500,0.4485628539242561,0.10299590281176299,0.44276081068377116,0.6487526163072972
cip-affine,256,0.5,adaptive,betting,1000,0.4472842880907744,0.07681941711790075,0.4720772552585517,0.6257160894943532
cip-affine,256,0.5,adaptive,betting,2000,0.4486657305217993,0.057231359120105824,0.4917498547026916,0.6062125729429033
cip-affine,256,0.5,adaptive,betting,5000,0.4486426351910272,0.038496608602000326,0.511755597699781,0.5887488149037816
cip-affine,256,0.5,adaptive,betting,10000,0.4518239169686999,0.028267614432762544,0.5193145175372406,0.5758497464027656
cip-affine,128,0.1,iid,hoeffding,50,0.08,0.34656349731962505,0.5734365026803749,1.0
cip-affine,128,0.1,iid,hoeffding,100,0.05,0.25881383394788676,0.6911861660521132,1.0
cip-affine,128,0.1,iid,hoeffding,200,0.04,0.19224473002972509,0.7677552699702749,1.0
cip-affine,128,0.1,iid,hoeffding,500,0.036,0.12890227287922065,0.8350977271207793,1.0
cip-affine,128,0.1,iid,hoeffding,1000,0.039,0.09487383810763891,0.866126161892361,1.0
cip-affine,128,0.1,iid,hoeffding,2000,0.043,0.06962108997220032,0.8873789100277997,1.0
cip-affine,128,0.1,iid,hoeffding,5000,0.0444,0.046066219879014554,0.9095337801209854,1.0
cip-affine,128,0.1,iid,hoeffding,10000,0.0441,0.03362087186595333,0.9222791281340467,0.9895208718659534
cip-affine,128,0.1,iid,betting,50,0.08,0.12827850341796876,0.7434429931640625,1.0
cip-affine,128,0.1,iid,betting,100,0.05,0.06975231170654297,0.8604953765869141,1.0
cip-affine,128,0.1,iid,betting,200,0.04,0.04464233398437499,0.91071533203125,1.0
cip-affine,128,0.1,iid,betting,500,0.036,0.025740295410156253,0.9364344482421875,0.9879150390625
cip-affine,128,0.1,iid,betting,1000,0.039,0.018742523193359378,0.9401775512695313,0.97766259765625
cip-affine,128,0.1,iid,betting,2000,0.043,0.013948570251464846,0.9417110137939453,0.969608154296875
cip-affine,128,0.1,iid,betting,5000,0.0444,0.009606666564941406,0.9453566375732422,0.964569970703125
cip-affine,128,0.1,iid,betting,10000,0.0441,0.007167139053344731,0.9483809806823731,0.9627152587890625
cip-affine,128,0.1,adaptive,hoeffding,50,0.0393791127204895,0.49509071045660724,0.4655301768229032,1.0
cip-affine,128,0.1,adaptive,hoeffding,100,0.04006622493267059,0.3697340484969811,0.5901997265703482,1.0
cip-affine,128,0.1,adaptive,hoeffding,200,0.05064280778169632,0.274635328613893,0.6747218636044107,1.0
cip-affine,128,0.1,adaptive,hoeffding,500,0.05035170292854309,0.18414610411317237,0.7655021929582846,1.0
cip-affine,128,0.1,adaptive,hoeffding,1000,0.04944486355781555,0.13553405443948416,0.8150210820027003,1.0
cip-affine,128,0.1,adaptive,hoeffding,2000,0.045873971976339814,0.09945869996028617,0.8546673280633741,1.0
cip-affine,128,0.1,adaptive,hoeffding,5000,0.04664628794789314,0.06580888554144937,0.8875448265106575,1.0
cip-affine,128,0.1,adaptive,hoeffding,10000,0.044566485654190184,0.04802981695136191,0.9074036973944479,1.0
cip-affine,128,0.1,adaptive,betting,50,0.0393791127204895,0.13411308115521803,0.7317738376895639,1.0
cip-affine,128,0.1,adaptive,betting,100,0.0400662249326706,0.08400168448913682,0.8319966310217264,1.0
cip-affine,128,0.1,adaptive,betting,200,0.050642807781696324,0.06331977882862652,0.873360442342747,1.0
cip-affine,128,0.1,adaptive,betting,500,0.05035170292854311,0.03935666374224576,0.9048018986807487,0.9835152261652401
cip-affine,128,0.1,adaptive,betting,1000,0.04944486355781557,0.026324934424590003,0.9201047558944748,0.9727546247436548
cip-affine,128,0.1,adaptive,betting,2000,0.04587397197633981,0.017001026726328552,0.9350531749236547,0.9690552283763118
cip-affine,128,0.1,adaptive,betting,5000,0.04664628794789312,0.011431893133963512,0.9406596365111008,0.9635234227790279
cip-affine,128,0.1,adaptive,betting,10000,0.04456648565419013,0.008182516240547166,0.9465216172829578,0.9628866497640521
cip-affine,128,0.2,iid,hoeffding,50,0.1,0.34656349731962505,0.5534365026803749,1.0
cip-affine,128,0.2,iid,hoeffding,100,0.08,0.25881383394788676,0.6611861660521132,1.0
cip-affine,128,0.2,iid,hoeffding,200,0.09,0.19224473002972509,0.717755269970275,1.0
cip-affine,128,0.2,iid,hoeffding,500,0.094,0.12890227287922065,0.7770977271207793,1.0
cip-affine,128,0.2,iid,hoeffding,1000,0.093,0.09487383810763891,0.8121261618923611,1.0
cip-affine,128,0.2,iid,hoeffding,2000,0.095,0.06962108997220032,0.8353789100277997,0.9746210899722003
cip-affine,128,0.2,iid,hoeffding,5000,0.0944,0.046066219879014554,0.8595337801209855,0.9516662198790146
cip-affine,128,0.2,iid,hoeffding,10000,0.0986,0.03362087186595333,0.8677791281340467,0.9350208718659534
cip-affine,128,0.2,iid,betting,50,0.1,0.1540267944335937,0.6919464111328126,1.0
cip-affine,128,0.2,iid,betting,100,0.08,0.09916000366210936,0.8016799926757813,1.0
cip-affine,128,0.2,iid,betting,200,0.09,0.0688359451293945,0.834192123413086,0.971864013671875
cip-affine,128,0.2,iid,betting,500,0.094,0.042806945800781246,0.8578908691406251,0.9435047607421875
cip-affine,128,0.2,iid,betting,1000,0.093,0.031846790313720695,0.8710236434936524,0.9347172241210937
cip-affine,128,0.2,iid,betting,2000,0.095,0.024004707336425783,0.8788039398193359,0.9268133544921875
cip-affine,128,0.2,iid,betting,5000,0.0944,0.016227539062500004,0.88832705078125,0.92078212890625
cip-affine,128,0.2,iid,betting,10000,0.0986,0.011811157989501955,0.8890555404663086,0.9126778564453125
cip-affine,128,0.2,adaptive,hoeffding,50,0.15841277478262783,0.49509071045660724,0.34649651476076493,1.0
cip-affine,128,0.2,adaptive,hoeffding,100,0.14632087527774273,0.3697340484969811,0.48394507622527616,1.0
cip-affine,128,0.2,adaptive,hoeffding,200,0.14405508443247528,0.274635328613893,0.5813095869536318,1.0
cip-affine,128,0.2,adaptive,hoeffding,500,0.12652954231295735,0.18414610411317237,0.6893243535738702,1.0
cip-affine,128,0.2,adaptive,hoeffding,1000,0.10637407848471776,0.13553405443948416,0.7580918670757981,1.0
cip-affine,128,0.2,adaptive,hoeffding,2000,0.10193069288862171,0.09945869996028617,0.7986106071510921,0.9975280070716644
cip-affine,128,0.2,adaptive,hoeffding,5000,0.10490932680063415,0.06580888554144937,0.8292817876579165,0.9608995587408152
cip-affine,128,0.2,adaptive,hoeffding,10000,0.10184714217758738,0.04802981695136191,0.8501230408710507,0.9461826747737745
cip-affine,128,0.2,adaptive,betting,50,0.15841277478262783,0.21057136778957578,0.5788572644208485,1.0
cip-affine,128,0.2,adaptive,betting,100,0.14632087527774273,0.15242203025371007,0.677490980306827,0.9823350408142472
cip-affine,128,0.2,adaptive,betting,200,0.1440550844324753,0.09501989565225685,0.7505058336385773,0.9405456249430909
cip-affine,128,0.2,adaptive,betting,500,0.12652954231295732,0.053948986356779416,0.8128743310835219,0.9207723037970807
cip-affine,128,0.2,adaptive,betting,1000,0.10637407848471772,0.0348962838789361,0.8538809145012622,0.9236734822591344
cip-affine,128,0.2,adaptive,betting,2000,0.10193069288862165,0.02498596769660942,0.8702453982491344,0.9202173336423533
cip-affine,128,0.2,adaptive,betting,5000,0.10490932680063411,0.017273858574108472,0.8764483984200928,0.9109961155683097
cip-affine,128,0.2,adaptive,betting,10000,0.10184714217758739,0.01253426569475865,0.88488278076963,0.9099513121591473
cip-affine,128,0.5,iid,hoeffding,50,0.54,0.34656349731962505,0.11343650268037497,0.806563497319625
cip-affine,128,0.5,iid,hoeffding,100,0.53,0.25881383394788676,0.21118616605211327,0.7288138339478867
cip-affine,128,0.5,iid,hoeffding,200,0.48,0.19224473002972509,0.32775526997027493,0.7122447300297251
cip-affine,128,0.5,iid,hoeffding,500,0.524,0.12890227287922065,0.34709772712077935,0.6049022728792206
cip-affine,128,0.5,iid,hoeffding,1000,0.519,0.09487383810763891,0.38612616189236104,0.5758738381076389
cip-affine,128,0.5,iid,hoeffding,2000,0.5105,0.06962108997220032,0.41987891002779976,0.5591210899722003
cip-affine,128,0.5,iid,hoeffding,5000,0.5166,0.046066219879014554,0.43733378012098545,0.5294662198790145
cip-affine,128,0.5,iid,hoeffding,10000,0.5161,0.03362087186595333,0.4502791281340467,0.5175208718659533
cip-affine,128,0.5,iid,betting,50,0.54,0.22616088867187495,0.2567987060546877,0.7091204833984376
cip-affine,128,0.5,iid,betting,100,0.53,0.1509819793701172,0.329091796875,0.6310557556152344
cip-affine,128,0.5,iid,betting,200,0.48,0.10157531738281253,0.42575317382812494,0.62890380859375
cip-affine,128,0.5,iid,betting,500,0.524,0.0665968322753907,0.41220019531249985,0.5453938598632813
cip-affine,128,0.5,iid,betting,1000,0.519,0.051216567993164014,0.43013742065429694,0.5325705566406249
cip-affine,128,0.5,iid,betting,2000,0.5105,0.038399902343749986,0.45123540496826176,0.5280352096557617
cip-affine,128,0.5,iid,betting,5000,0.5166,0.025640348815917924,0.45774592895507826,0.5090266265869141
cip-affine,128,0.5,iid,betting,10000,0.5161,0.01920223770141599,0.4646949234008789,0.5030993988037109
cip-affine,128,0.5,adaptive,hoeffding,50,0.571229271060908,0.49509071045660724,-0.06631998151751528,0.9238614393956992
cip-affine,128,0.5,adaptive,hoeffding,100,0.5288378727415501,0.3697340484969811,0.10142807876146875,0.840896175755431
cip-affine,128,0.5,adaptive,hoeffding,200,0.49329522008053467,0.274635328613893,0.23206945130557233,0.7813401085333583
cip-affine,128,0.5,adaptive,hoeffding,500,0.4959217738627994,0.18414610411317237,0.3199321220240282,0.688224330250373
cip-affine,128,0.5,adaptive,hoeffding,1000,0.47989395983887106,0.13553405443948416,0.38457198572164475,0.6556400946006131
cip-affine,128,0.5,adaptive,hoeffding,2000,0.497803908599378,0.09945869996028617,0.4027373914403358,0.6016547913609082
cip-affine,128,0.5,adaptive,hoeffding,5000,0.5074585387012148,0.06580888554144937,0.4267325757573358,0.5583503468402345
cip-affine,128,0.5,adaptive,hoeffding,10000,0.5162768599038392,0.04802981695136191,0.4356933231447989,0.5317529570475227
cip-affine,128,0.5,adaptive,betting,50,0.5712292594805769,0.3495078096946962,0.06620301871227974,0.7652186381016721
cip-affine,128,0.5,adaptive,betting,100,0.5288378621830131,0.22847481999273667,0.22768107702751927,0.6846307170129926
cip-affine,128,0.5,adaptive,betting,200,0.4932952098625955,0.1593288350024688,0.3388899546912806,0.6575476246962182
cip-affine,128,0.5,adaptive,betting,500,0.49592176350862105,0.10965504835905737,0.38816589027042303,0.6074759869885378
cip-affine,128,0.5,adaptive,betting,1000,0.47989394999558965,0.0796020992725468,0.4366248638022182,0.5958290623473118
cip-affine,128,0.5,adaptive,betting,2000,0.4978038984665881,0.06008712530769755,0.4402594987687145,0.5604337493841096
cip-affine,128,0.5,adaptive,betting,5000,0.5074585283810965,0.039206659462613896,0.4525266945980009,0.5309400135232287
cip-affine,128,0.5,adaptive,betting,10000,0.5162768493044303,0.02833533842354749,0.4549633759036138,0.5116340527507088
cip-affine,64,0.1,iid,hoeffding,50,0.1,0.34656349731962505,0.5534365026803749,1.0
cip-affine,64,0.1,iid,hoeffding,100,0.08,0.25881383394788676,0.6611861660521132,1.0
cip-affine,64,0.1,iid,hoeffding,200,0.075,0.19224473002972509,0.7327552699702748,1.0
cip-affine,64,0.1,iid,hoeffding,500,0.084,0.12890227287922065,0.7870977271207793,1.0
cip-affine,64,0.1,iid,hoeffding,1000,0.087,0.09487383810763891,0.8181261618923611,1.0
cip-affine,64,0.1,iid,hoeffding,2000,0.078,0.06962108997220032,0.8523789100277996,0.9916210899722003
cip-affine,64,0.1,iid,hoeffding,5000,0.0698,0.046066219879014554,0.8841337801209854,0.9762662198790145
cip-affine,64,0.1,iid,hoeffding,10000,0.0708,0.03362087186595333,0.8955791281340466,0.9628208718659533
cip-affine,64,0.1,iid,betting,50,0.1,0.15100212097167967,0.6979957580566407,1.0
cip-affine,64,0.1,iid,betting,100,0.08,0.09444671630859376,0.8111065673828125,1.0
cip-affine,64,0.1,iid,betting,200,0.075,0.05991106033325196,0.8609701156616211,0.980792236328125
cip-affine,64,0.1,iid,betting,500,0.084,0.035443969726562496,0.8781501464843751,0.9490380859375
cip-affine,64,0.1,iid,betting,1000,0.087,0.026623100280761695,0.8843712310791016,0.9376174316406249
cip-affine,64,0.1,iid,betting,2000,0.078,0.018656349182128915,0.9019592742919922,0.93927197265625
cip-affine,64,0.1,iid,betting,5000,0.0698,0.010531417846679679,0.9191572814941407,0.9402201171875
cip-affine,64,0.1,iid,betting,10000,0.0708,0.008638929748535147,0.9203313690185547,0.937609228515625
cip-affine,64,0.1,adaptive,hoeffding,50,0.09026778340339661,0.49509071045660724,0.4146415061399962,1.0
cip-affine,64,0.1,adaptive,hoeffding,100,0.06344067811965942,0.3697340484969811,0.5668252733833594,1.0
cip-affine,64,0.1,adaptive,hoeffding,200,0.06962133646011352,0.274635328613893,0.6557433349259935,1.0
cip-affine,64,0.1,adaptive,hoeffding,500,0.05917329692840576,0.18414610411317237,0.7566805989584219,1.0
cip-affine,64,0.1,adaptive,hoeffding,1000,0.06436095517873765,0.13553405443948416,0.8001049903817782,1.0
cip-affine,64,0.1,adaptive,hoeffding,2000,0.06970901328325271,0.09945869996028617,0.8308322867564611,1.0
cip-affine,64,0.1,adaptive,hoeffding,5000,0.06723155570030212,0.06580888554144937,0.8669595587582485,0.9985773298411472
cip-affine,64,0.1,adaptive,hoeffding,10000,0.0678256881326437,0.04802981695136191,0.8841444949159944,0.9802041288187182
cip-affine,64,0.1,adaptive,betting,50,0.09026778340339661,0.17553150410130264,0.6489369917973947,1.0
cip-affine,64,0.1,adaptive,betting,100,0.06344067811965944,0.10624053040109566,0.7875189391978087,1.0
cip-affine,64,0.1,adaptive,betting,200,0.06962133646011354,0.0788321369852578,0.8352733077435525,0.9929375817140681
cip-affine,64,0.1,adaptive,betting,500,0.05917329692840575,0.04250620359384108,0.8913673925003199,0.9763797996880021
cip-affine,64,0.1,adaptive,betting,1000,0.06436095517873762,0.027578208251120218,0.9057886142358571,0.9609450307380976
cip-affine,64,0.1,adaptive,betting,2000,0.06970901328325269,0.019825234742873267,0.9087995790408715,0.9484500485266181
cip-affine,64,0.1,adaptive,betting,5000,0.06723155570030209,0.012568361685195789,0.9191625236342531,0.9442992470046447
cip-affine,64,0.1,adaptive,betting,10000,0.0678256881326437,0.009699686041738216,0.922031424077373,0.9414307961608495
cip-affine,64,0.2,iid,hoeffding,50,0.28,0.34656349731962505,0.373436502680375,1.0
cip-affine,64,0.2,iid,hoeffding,100,0.21,0.25881383394788676,0.5311861660521132,1.0
cip-affine,64,0.2,iid,hoeffding,200,0.175,0.19224473002972509,0.632755269970275,1.0
cip-affine,64,0.2,iid,hoeffding,500,0.168,0.12890227287922065,0.7030977271207793,0.9609022728792207
cip-affine,64,0.2,iid,hoeffding,1000,0.171,0.09487383810763891,0.7341261618923611,0.9238738381076389
cip-affine,64,0.2,iid,hoeffding,2000,0.1555,0.06962108997220032,0.7748789100277997,0.9141210899722003
cip-affine,64,0.2,iid,hoeffding,5000,0.1452,0.046066219879014554,0.8087337801209855,0.9008662198790145
cip-affine,64,0.2,iid,hoeffding,10000,0.1422,0.03362087186595333,0.8241791281340467,0.8914208718659533
cip-affine,64,0.2,iid,betting,50,0.28,0.23600585937500002,0.462645263671875,0.934656982421875
cip-affine,64,0.2,iid,betting,100,0.21,0.14088497161865235,0.6357694244384766,0.9175393676757813
cip-affine,64,0.2,iid,betting,200,0.175,0.07922277450561524,0.7465295791625977,0.9049751281738281
cip-affine,64,0.2,iid,betting,500,0.168,0.04680065917968753,0.78852490234375,0.882126220703125
cip-affine,64,0.2,iid,betting,1000,0.171,0.03579500579833987,0.7945553131103515,0.8661453247070312
cip-affine,64,0.2,iid,betting,2000,0.1555,0.025405212402343752,0.8191918029785157,0.8700022277832031
cip-affine,64,0.2,iid,betting,5000,0.1452,0.015352357482910167,0.8395068328857422,0.8702115478515625
cip-affine,64,0.2,iid,betting,10000,0.1422,0.011195761108398428,0.8466220031738281,0.869013525390625
cip-affine,64,0.2,adaptive,hoeffding,50,0.22487075448036195,0.49509071045660724,0.2800385350630308,1.0
cip-affine,64,0.2,adaptive,hoeffding,100,0.19776782095432283,0.3697340484969811,0.4324981305486961,1.0
cip-affine,64,0.2,adaptive,hoeffding,200,0.15799368649721146,0.274635328613893,0.5673709848888955,1.0
cip-affine,64,0.2,adaptive,hoeffding,500,0.1328107361495495,0.18414610411317237,0.6830431597372781,1.0
cip-affine,64,0.2,adaptive,hoeffding,1000,0.14114925979077816,0.13553405443948416,0.7233166857697377,0.994384794648706
cip-affine,64,0.2,adaptive,hoeffding,2000,0.14236456579715012,0.09945869996028617,0.7581767342425637,0.957094134163136
cip-affine,64,0.2,adaptive,hoeffding,5000,0.14547495180666448,0.06580888554144937,0.7887161626518862,0.9203339337347849
cip-affine,64,0.2,adaptive,hoeffding,10000,0.1430377143241465,0.04802981695136191,0.8089324687244916,0.9049921026272154
cip-affine,64,0.2,adaptive,betting,50,0.22487075448036195,0.26162604573495046,0.4767479085300991,1.0
cip-affine,64,0.2,adaptive,betting,100,0.19776782095432283,0.15652340928291028,0.6346625197902509,0.9477093383560714
cip-affine,64,0.2,adaptive,betting,200,0.1579936864972115,0.09421356167677655,0.7404159300727822,0.9288430534263352
cip-affine,64,0.2,adaptive,betting,500,0.13281073614954952,0.05098533231919908,0.8124610900738427,0.9144317547122409
cip-affine,64,0.2,adaptive,betting,1000,0.14114925979077816,0.037251450919527765,0.8197385341233716,0.8942414359624272
cip-affine,64,0.2,adaptive,betting,2000,0.14236456579715015,0.02799652260242297,0.8279707968572181,0.883963842062064
cip-affine,64,0.2,adaptive,betting,5000,0.14547495180666448,0.01907459949812053,0.8345158227408577,0.8726650217370987
cip-affine,64,0.2,adaptive,betting,10000,0.1430377143241467,0.014097907228159942,0.8422897512175866,0.8704855656739064
cip-affine,64,0.5,iid,hoeffding,50,0.6,0.34656349731962505,0.05343650268037492,0.7465634973196251
cip-affine,64,0.5,iid,hoeffding,100,0.54,0.25881383394788676,0.20118616605211326,0.7188138339478867
cip-affine,64,0.5,iid,hoeffding,200,0.5,0.19224473002972509,0.3077552699702749,0.6922447300297251
cip-affine,64,0.5,iid,hoeffding,500,0.522,0.12890227287922065,0.34909772712077936,0.6069022728792206
cip-affine,64,0.5,iid,hoeffding,1000,0.538,0.09487383810763891,0.367126161892361,0.5568738381076389
cip-affine,64,0.5,iid,hoeffding,2000,0.5435,0.06962108997220032,0.3868789100277997,0.5261210899722003
cip-affine,64,0.5,iid,hoeffding,5000,0.5382,0.046066219879014554,0.4157337801209854,0.5078662198790145
cip-affine,64,0.5,iid,hoeffding,10000,0.5384,0.03362087186595333,0.4279791281340467,0.4952208718659533
cip-affine,64,0.5,iid,betting,50,0.6,0.2423522949218751,0.15655517578124978,0.641259765625
cip-affine,64,0.5,iid,betting,100,0.54,0.16470321655273445,0.2962948608398436,0.6257012939453125
cip-affine,64,0.5,iid,betting,200,0.5,0.10945892333984375,0.39568328857421875,0.6146011352539062
cip-affine,64,0.5,iid,betting,500,0.522,0.07312596130371096,0.40658007812499997,0.5528320007324219
cip-affine,64,0.5,iid,betting,1000,0.538,0.05345455932617177,0.4093538818359377,0.5162630004882812
cip-affine,64,0.5,iid,betting,2000,0.5435,0.039850017547607364,0.4170466308593751,0.49674666595458983
cip-affine,64,0.5,iid,betting,5000,0.5382,0.026860055541992223,0.4349668945312499,0.48868700561523437
cip-affine,64,0.5,iid,betting,10000,0.5384,0.01990351562499998,0.44172336425781256,0.4815303955078125
cip-affine,64,0.5,adaptive,hoeffding,50,0.6667605064809322,0.49509071045660724,-0.16185121693753945,0.828330203975675
cip-affine,64,0.5,adaptive,hoeffding,100,0.5932229322567583,0.3697340484969811,0.03704301924626063,0.7765111162402228
cip-affine,64,0.5,adaptive,hoeffding,200,0.5135295624798164,0.274635328613893,0.21183510890629065,0.7611057661340765
cip-affine,64,0.5,adaptive,hoeffding,500,0.5484456768678502,0.18414610411317237,0.2674082190189775,0.6357004272453222
cip-affine,64,0.5,adaptive,hoeffding,1000,0.5473680323441513,0.13553405443948416,0.3170979132163645,0.5881660220953329
cip-affine,64,0.5,adaptive,hoeffding,2000,0.5368880087980069,0.09945869996028617,0.363653291241707,0.5625706911622792
cip-affine,64,0.5,adaptive,hoeffding,5000,0.542609109998669,0.06580888554144937,0.39158200445988167,0.5231997755427804
cip-affine,64,0.5,adaptive,hoeffding,10000,0.5392845841315167,0.04802981695136191,0.4126855989171214,0.5087452328198452
cip-affine,64,0.5,adaptive,betting,50,0.6667605064809323,0.32832071935348495,0.001574618807671846,0.6582160575146417
cip-affine,64,0.5,adaptive,betting,100,0.5932229322567582,0.21506469624455404,0.1820706675733914,0.6122000600624995
cip-affine,64,0.5,adaptive,betting,200,0.5135295624798161,0.1313360900290187,0.34762802546551164,0.610300205523549
cip-affine,64,0.5,adaptive,betting,500,0.5484456768678503,0.08990408347830506,0.36188452875768695,0.5416926957142971
cip-affine,64,0.5,adaptive,betting,1000,0.5473680323441509,0.0669169861123437,0.38541493003164007,0.5192489022563275
cip-affine,64,0.5,adaptive,betting,2000,0.5368880087980067,0.05031319380075777,0.4120078205985239,0.5126342082000395
cip-affine,64,0.5,adaptive,betting,5000,0.5426091099986693,0.033781276618997214,0.42301280503840144,0.49057535827639587
cip-affine,64,0.5,adaptive,betting,10000,0.5392845841315181,0.02503890015156135,0.4353405623665496,0.4854183626696723
cip-affine,32,0.1,iid,hoeffding,50,0.12,0.34656349731962505,0.5334365026803749,1.0
cip-affine,32,0.1,iid,hoeffding,100,0.12,0.25881383394788676,0.6211861660521132,1.0
cip-affine,32,0.1,iid,hoeffding,200,0.13,0.19224473002972509,0.6777552699702749,1.0
cip-affine,32,0.1,iid,hoeffding,500,0.158,0.12890227287922065,0.7130977271207793,0.9709022728792207
cip-affine,32,0.1,iid,hoeffding,1000,0.181,0.09487383810763891,0.7241261618923611,0.9138738381076389
cip-affine,32,0.1,iid,hoeffding,2000,0.1765,0.06962108997220032,0.7538789100277997,0.8931210899722003
cip-affine,32,0.1,iid,hoeffding,5000,0.1728,0.046066219879014554,0.7811337801209854,0.8732662198790145
cip-affine,32,0.1,iid,hoeffding,10000,0.1764,0.03362087186595333,0.7899791281340467,0.8572208718659533
cip-affine,32,0.1,iid,betting,50,0.12,0.17501861572265626,0.6499627685546875,1.0
cip-affine,32,0.1,iid,betting,100,0.12,0.11839630126953124,0.7445745849609375,0.9813671875
cip-affine,32,0.1,iid,betting,200,0.13,0.08329341888427733,0.7756336212158204,0.942220458984375
cip-affine,32,0.1,iid,betting,500,0.158,0.05515971374511717,0.7815763244628906,0.891895751953125
cip-affine,32,0.1,iid,betting,1000,0.181,0.037336688995361314,0.7783911666870117,0.8530645446777343
cip-affine,32,0.1,iid,betting,2000,0.1765,0.028998783111572266,0.7925257644653321,0.8505233306884765
cip-affine,32,0.1,iid,betting,5000,0.1728,0.01943998413085936,0.8069352661132813,0.845815234375
cip-affine,32,0.1,iid,betting,10000,0.1764,0.014413812255859373,0.8087205078125,0.8375481323242188
cip-affine,32,0.1,adaptive,hoeffding,50,0.17588750123977662,0.49509071045660724,0.32902178830361617,1.0
cip-affine,32,0.1,adaptive,hoeffding,100,0.15899342834949493,0.3697340484969811,0.47127252315352397,1.0
cip-affine,32,0.1,adaptive,hoeffding,200,0.17643404245376587,0.274635328613893,0.5489306289323411,1.0
cip-affine,32,0.1,adaptive,hoeffding,500,0.1642480615377426,0.18414610411317237,0.651605834349085,1.0
cip-affine,32,0.1,adaptive,hoeffding,1000,0.17410307055711746,0.13553405443948416,0.6903628750033983,0.9614309838823667
cip-affine,32,0.1,adaptive,hoeffding,2000,0.17566849461197853,0.09945869996028617,0.7248728054277354,0.9237902053483076
cip-affine,32,0.1,adaptive,hoeffding,5000,0.1815540431499481,0.06580888554144937,0.7526370713086026,0.8842548423915013
cip-affine,32,0.1,adaptive,hoeffding,10000,0.17881681858897208,0.04802981695136191,0.773153364459666,0.8692129983623899
cip-affine,32,0.1,adaptive,betting,50,0.17588750123977662,0.22601212797124262,0.5479757440575148,1.0
cip-affine,32,0.1,adaptive,betting,100,0.15899342834949495,0.14243574749541754,0.6877141718129172,0.9725856668037522
cip-affine,32,0.1,adaptive,betting,200,0.1764340424537659,0.09931329278606427,0.7168392815383413,0.9154658671104698
cip-affine,32,0.1,adaptive,betting,500,0.16424806153774255,0.05567065448635656,0.7761491698701772,0.8874904788428903
cip-affine,32,0.1,adaptive,betting,1000,0.17410307055711746,0.04001820524558039,0.7821390762565312,0.8621754867476921
cip-affine,32,0.1,adaptive,betting,2000,0.17566849461197853,0.030315900569190868,0.7919842189460753,0.852616020084457
cip-affine,32,0.1,adaptive,betting,5000,0.18155404314994777,0.020379290214217652,0.7972678204063555,0.8380264008347909
cip-affine,32,0.1,adaptive,betting,10000,0.17881681858897158,0.015288494749819484,0.8053839001858931,0.8359608896855321
cip-affine,32,0.2,iid,hoeffding,50,0.24,0.34656349731962505,0.413436502680375,1.0
cip-affine,32,0.2,iid,hoeffding,100,0.23,0.25881383394788676,0.5111861660521132,1.0
cip-affine,32,0.2,iid,hoeffding,200,0.205,0.19224473002972509,0.602755269970275,0.9872447300297251
cip-affine,32,0.2,iid,hoeffding,500,0.252,0.12890227287922065,0.6190977271207794,0.8769022728792206
cip-affine,32,0.2,iid,hoeffding,1000,0.278,0.09487383810763891,0.627126161892361,0.8168738381076389
cip-affine,32,0.2,iid,hoeffding,2000,0.273,0.06962108997220032,0.6573789100277997,0.7966210899722003
cip-affine,32,0.2,iid,hoeffding,5000,0.261,0.046066219879014554,0.6929337801209854,0.7850662198790146
cip-affine,32,0.2,iid,hoeffding,10000,0.2721,0.03362087186595333,0.6942791281340467,0.7615208718659533
cip-affine,32,0.2,iid,betting,50,0.24,0.2189385986328125,0.521781005859375,0.959658203125
cip-affine,32,0.2,iid,betting,100,0.23,0.14215270996093748,0.6177999877929687,0.9021054077148437
cip-affine,32,0.2,iid,betting,200,0.205,0.09198310852050784,0.6945089721679687,0.8784751892089844
cip-affine,32,0.2,iid,betting,500,0.252,0.06150450134277341,0.6856761779785157,0.8086851806640625
cip-affine,32,0.2,iid,betting,1000,0.278,0.04210858154296876,0.6815681762695311,0.7657853393554688
cip-affine,32,0.2,iid,betting,2000,0.273,0.033774589538574235,0.6939757232666015,0.76152490234375
cip-affine,32,0.2,iid,betting,5000,0.261,0.02229563522338865,0.7170056838989258,0.7615969543457031
cip-affine,32,0.2,iid,betting,10000,0.2721,0.015395643615722654,0.7127946533203124,0.7435859405517578
cip-affine,32,0.2,adaptive,hoeffding,50,0.2999668204784393,0.49509071045660724,0.2049424690649535,1.0
cip-affine,32,0.2,adaptive,hoeffding,100,0.24432886958122255,0.3697340484969811,0.3859370819217963,1.0
cip-affine,32,0.2,adaptive,hoeffding,200,0.2450696286559105,0.274635328613893,0.4802950427301965,1.0
cip-affine,32,0.2,adaptive,hoeffding,500,0.26830859857797623,0.18414610411317237,0.5475452973088514,0.9158375055351962
cip-affine,32,0.2,adaptive,hoeffding,1000,0.2785545961260796,0.13553405443948416,0.5859113494344362,0.8569794583134046
cip-affine,32,0.2,adaptive,hoeffding,2000,0.2710562484115362,0.09945869996028617,0.6294850516281776,0.82840245154875
cip-affine,32,0.2,adaptive,hoeffding,5000,0.2742780403763056,0.06580888554144937,0.659913074082245,0.7915308451651437
cip-affine,32,0.2,adaptive,hoeffding,10000,0.2723403269827366,0.04802981695136191,0.6796298560659015,0.7756894899686253
cip-affine,32,0.2,adaptive,betting,50,0.2999668204784393,0.27148708206776523,0.4122248831233355,0.955199047258866
cip-affine,32,0.2,adaptive,betting,100,0.24432886958122252,0.1599732980323057,0.5889743895941217,0.9089209856587331
cip-affine,32,0.2,adaptive,betting,200,0.24506962865591048,0.10684399771711392,0.6425594614628896,0.8562474568971175
cip-affine,32,0.2,adaptive,betting,500,0.26830859857797623,0.06704048568684867,0.6595290586630316,0.7936100300367288
cip-affine,32,0.2,adaptive,betting,1000,0.27855459612607936,0.04906790292862609,0.6686614281659797,0.766797234023232
cip-affine,32,0.2,adaptive,betting,2000,0.27105624841153614,0.035810809619437264,0.691535042610518,0.7631566618493926
cip-affine,32,0.2,adaptive,betting,5000,0.2742780403763053,0.024467348117686583,0.7006761039411162,0.7496108001764894
cip-affine,32,0.2,adaptive,betting,10000,0.2723403269827355,0.01786673169300379,0.7094877059360212,0.7452211693220288
cip-affine,32,0.5,iid,hoeffding,50,0.58,0.34656349731962505,0.07343650268037494,0.7665634973196251
cip-affine,32,0.5,iid,hoeffding,100,0.58,0.25881383394788676,0.16118616605211322,0.6788138339478869
cip-affine,32,0.5,iid,hoeffding,200,0.525,0.19224473002972509,0.2827552699702749,0.6672447300297251
cip-affine,32,0.5,iid,hoeffding,500,0.558,0.12890227287922065,0.3130977271207793,0.5709022728792206
cip-affine,32,0.5,iid,hoeffding,1000,0.586,0.09487383810763891,0.3191261618923611,0.508873838107639
cip-affine,32,0.5,iid,hoeffding,2000,0.5935,0.06962108997220032,0.3368789100277997,0.47612108997220026
cip-affine,32,0.5,iid,hoeffding,5000,0.5856,0.046066219879014554,0.3683337801209854,0.4604662198790146
cip-affine,32,0.5,iid,hoeffding,10000,0.5909,0.03362087186595333,0.3754791281340467,0.4427208718659533
cip-affine,32,0.5,iid,betting,50,0.58,0.25321090698242193,0.1753994750976562,0.6818212890625001
cip-affine,32,0.5,iid,betting,100,0.58,0.17108062744140637,0.2539379882812498,0.5960992431640626
cip-affine,32,0.5,iid,betting,200,0.525,0.11877536773681646,0.3554092407226561,0.592959976196289
cip-affine,32,0.5,iid,betting,500,0.558,0.08115419006347654,0.36348187255859377,0.5257902526855469
cip-affine,32,0.5,iid,betting,1000,0.586,0.05633589172363279,0.3601463928222657,0.47281817626953127
cip-affine,32,0.5,iid,betting,2000,0.5935,0.041364105224609427,0.3665980453491211,0.44932625579833996
cip-affine,32,0.5,iid,betting,5000,0.5856,0.02819776611328123,0.38657141113281257,0.44296694335937503
cip-affine,32,0.5,iid,betting,10000,0.5909,0.02044164199829107,0.38883726501464844,0.4297205490112306
cip-affine,32,0.5,adaptive,hoeffding,50,0.6291865174472332,0.49509071045660724,-0.12427722790384044,0.865904193009374
cip-affine,32,0.5,adaptive,hoeffding,100,0.5829148513823748,0.3697340484969811,0.04735110012064414,0.7868191971146064
cip-affine,32,0.5,adaptive,hoeffding,200,0.5332927666977048,0.274635328613893,0.1920719046884023,0.7413425619161882
cip-affine,32,0.5,adaptive,hoeffding,500,0.5997241118177772,0.18414610411317237,0.21612978406905048,0.5844219922953952
cip-affine,32,0.5,adaptive,hoeffding,1000,0.6020022656209767,0.13553405443948416,0.2624636799395391,0.5335317888185075
cip-affine,32,0.5,adaptive,hoeffding,2000,0.5902069472130388,0.09945869996028617,0.3103343528266751,0.5092517527472473
cip-affine,32,0.5,adaptive,hoeffding,5000,0.5870921440847218,0.06580888554144937,0.34709897037382886,0.4787167414567276
cip-affine,32,0.5,adaptive,hoeffding,10000,0.5846180528074503,0.04802981695136191,0.36735213024118785,0.4634117641439116
cip-affine,32,0.5,adaptive,betting,50,0.6291865174472332,0.3127443634459852,0.05400402978438412,0.6794927566763544
cip-affine,32,0.5,adaptive,betting,100,0.5829148513823746,0.20919839386434094,0.2002127411954996,0.6186095289241815
cip-affine,32,0.5,adaptive,betting,200,0.5332927666977049,0.13736278803399432,0.32134193421479684,0.5960675102827855
cip-affine,32,0.5,adaptive,betting,500,0.5997241118177772,0.08832861573684242,0.3124663343458488,0.48912356581953365
cip-affine,32,0.5,adaptive,betting,1000,0.6020022656209769,0.06614528343125964,0.33289229585439184,0.4651828627169111
cip-affine,32,0.5,adaptive,betting,2000,0.5902069472130391,0.04900700151169651,0.36128417044273775,0.4592981734661308
cip-affine,32,0.5,adaptive,betting,5000,0.5870921440847225,0.03336067933192843,0.37960101289833237,0.44632237156218924
cip-affine,32,0.5,adaptive,betting,10000,0.5846180528074508,0.02479880217665531,0.3904764627454127,0.4400740670987233
cip-const,512,0.1,iid,hoeffding,50,0.0,0.34656349731962505,0.653436502680375,1.0
cip-const,512,0.1,iid,hoeffding,100,0.0,0.25881383394788676,0.7411861660521133,1.0
cip-const,512,0.1,iid,hoeffding,200,0.0,0.19224473002972509,0.8077552699702749,1.0
cip-const,512,0.1,iid,hoeffding,500,0.0,0.12890227287922065,0.8710977271207794,1.0
cip-const,512,0.1,iid,hoeffding,1000,0.0,0.09487383810763891,0.9051261618923611,1.0
cip-const,512,0.1,iid,hoeffding,2000,0.0,0.06962108997220032,0.9303789100277997,1.0
cip-const,512,0.1,iid,hoeffding,5000,0.0,0.046066219879014554,0.9539337801209854,1.0
cip-const,512,0.1,iid,hoeffding,10000,0.0,0.03362087186595333,0.9663791281340467,1.0
cip-const,512,0.1,iid,betting,50,0.0,0.06363296508789062,0.8727340698242188,1.0
cip-const,512,0.1,iid,betting,100,0.0,0.031154632568359375,0.9376907348632812,1.0
cip-const,512,0.1,iid,betting,200,0.0,0.01541900634765625,0.9691619873046875,1.0
cip-const,512,0.1,iid,betting,500,0.0,0.006130218505859375,0.9877395629882812,1.0
cip-const,512,0.1,iid,betting,1000,0.0,0.00305938720703125,0.9938812255859375,1.0
cip-const,512,0.1,iid,betting,2000,0.0,0.001529693603515625,0.9969406127929688,1.0
cip-const,512,0.1,iid,betting,5000,0.0,0.000614166259765625,0.9987716674804688,1.0
cip-const,512,0.1,iid,betting,10000,0.0,0.0,1.0,1.0
cip-const,512,0.1,adaptive,hoeffding,50,0.0,0.49509071045660724,0.5049092895433928,1.0
cip-const,512,0.1,adaptive,hoeffding,100,0.0,0.3697340484969811,0.6302659515030189,1.0
cip-const,512,0.1,adaptive,hoeffding,200,0.0,0.274635328613893,0.725364671386107,1.0
cip-const,512,0.1,adaptive,hoeffding,500,0.0,0.18414610411317237,0.8158538958868277,1.0
cip-const,512,0.1,adaptive,hoeffding,1000,0.0,0.13553405443948416,0.8644659455605158,1.0
cip-const,512,0.1,adaptive,hoeffding,2000,0.0,0.09945869996028617,0.9005413000397138,1.0
cip-const,512,0.1,adaptive,hoeffding,5000,0.0,0.06580888554144937,0.9341911144585506,1.0
cip-const,512,0.1,adaptive,hoeffding,10000,0.0,0.04802981695136191,0.9519701830486381,1.0
cip-const,512,0.1,adaptive,betting,50,0.0,0.09090423583984375,0.8181915283203125,1.0
cip-const,512,0.1,adaptive,betting,100,0.0,0.044506617954799106,0.9109867640904018,1.0
cip-const,512,0.1,adaptive,betting,200,0.0,0.022027151925223216,0.9559456961495536,1.0
cip-const,512,0.1,adaptive,betting,500,0.0,0.008757455008370536,0.9824850899832589,1.0
cip-const,512,0.1,adaptive,betting,1000,0.0,0.004370553152901786,0.9912588936941964,1.0
cip-const,512,0.1,adaptive,betting,2000,0.0,0.002185276576450893,0.9956294468470982,1.0
cip-const,512,0.1,adaptive,betting,5000,0.0,0.00087738037109375,0.9982452392578125,1.0
cip-const,512,0.1,adaptive,betting,10000,0.0,0.0,1.0,1.0
cip-const,512,0.2,iid,hoeffding,50,0.0,0.34656349731962505,0.653436502680375,1.0
cip-const,512,0.2,iid,hoeffding,100,0.0,0.25881383394788676,0.7411861660521133,1.0
cip-const,512,0.2,iid,hoeffding,200,0.0,0.19224473002972509,0.8077552699702749,1.0
cip-const,512,0.2,iid,hoeffding,500,0.0,0.12890227287922065,0.8710977271207794,1.0
cip-const,512,0.2,iid,hoeffding,1000,0.0,0.09487383810763891,0.9051261618923611,1.0
cip-const,512,0.2,iid,hoeffding,2000,0.0,0.06962108997220032,0.9303789100277997,1.0
cip-const,512,0.2,iid,hoeffding,5000,0.0,0.046066219879014554,0.9539337801209854,1.0
cip-const,512,0.2,iid,hoeffding,10000,0.0,0.03362087186595333,0.9663791281340467,1.0
cip-const,512,0.2,iid,betting,50,0.0,0.06363296508789062,0.8727340698242188,1.0
cip-const,512,0.2,iid,betting,100,0.0,0.031154632568359375,0.9376907348632812,1.0
cip-const,512,0.2,iid,betting,200,0.0,0.01541900634765625,0.9691619873046875,1.0
cip-const,512,0.2,iid,betting,500,0.0,0.006130218505859375,0.9877395629882812,1.0
cip-const,512,0.2,iid,betting,1000,0.0,0.00305938720703125,0.9938812255859375,1.0
cip-const,512,0.2,iid,betting,2000,0.0,0.001529693603515625,0.9969406127929688,1.0
cip-const,512,0.2,iid,betting,5000,0.0,0.000614166259765625,0.9987716674804688,1.0
cip-const,512,0.2,iid,betting,10000,0.0,0.0,1.0,1.0
cip-const,512,0.2,adaptive,hoeffding,50,0.0,0.49509071045660724,0.5049092895433928,1.0
cip-const,512,0.2,adaptive,hoeffding,100,0.0,0.3697340484969811,0.6302659515030189,1.0
cip-const,512,0.2,adaptive,hoeffding,200,0.0,0.274635328613893,0.725364671386107,1.0
cip-const,512,0.2,adaptive,hoeffding,500,0.0,0.18414610411317237,0.8158538958868277,1.0
cip-const,512,0.2,adaptive,hoeffding,1000,0.0,0.13553405443948416,0.8644659455605158,1.0
cip-const,512,0.2,adaptive,hoeffding,2000,0.0,0.09945869996028617,0.9005413000397138,1.0
cip-const,512,0.2,adaptive,hoeffding,5000,0.0,0.06580888554144937,0.9341911144585506,1.0
cip-const,512,0.2,adaptive,hoeffding,10000,0.0,0.04802981695136191,0.9519701830486381,1.0
cip-const,512,0.2,adaptive,betting,50,0.0,0.09090423583984375,0.8181915283203125,1.0
cip-const,512,0.2,adaptive,betting,100,0.0,0.044506617954799106,0.9109867640904018,1.0
cip-const,512,0.2,adaptive,betting,200,0.0,0.022027151925223216,0.9559456961495536,1.0
cip-const,512,0.2,adaptive,betting,500,0.0,0.008757455008370536,0.9824850899832589,1.0
cip-const,512,0.2,adaptive,betting,1000,0.0,0.004370553152901786,0.9912588936941964,1.0
cip-const,512,0.2,adaptive,betting,2000,0.0,0.002185276576450893,0.9956294468470982,1.0
cip-const,512,0.2,adaptive,betting,5000,0.0,0.00087738037109375,0.9982452392578125,1.0
cip-const,512,0.2,adaptive,betting,10000,0.0,0.0,1.0,1.0
cip-const,512,0.5,iid,hoeffding,50,0.0,0.34656349731962505,0.653436502680375,1.0
cip-const,512,0.5,iid,hoeffding,100,0.0,0.25881383394788676,0.7411861660521133,1.0
cip-const,512,0.5,iid,hoeffding,200,0.0,0.19224473002972509,0.8077552699702749,1.0
cip-const,512,0.5,iid,hoeffding,500,0.0,0.12890227287922065,0.8710977271207794,1.0
cip-const,512,0.5,iid,hoeffding,1000,0.0,0.09487383810763891,0.9051261618923611,1.0
cip-const,512,0.5,iid,hoeffding,2000,0.0,0.06962108997220032,0.9303789100277997,1.0
cip-const,512,0.5,iid,hoeffding,5000,0.0,0.046066219879014554,0.9539337801209854,1.0
cip-const,512,0.5,iid,hoeffding,10000,0.0,0.03362087186595333,0.9663791281340467,1.0
cip-const,512,0.5,iid,betting,50,0.0,0.06363296508789062,0.8727340698242188,1.0
cip-const,512,0.5,iid,betting,100,0.0,0.031154632568359375,0.9376907348632812,1.0
cip-const,512,0.5,iid,betting,200,0.0,0.01541900634765625,0.9691619873046875,1.0
cip-const,512,0.5,iid,betting,500,0.0,0.006130218505859375,0.9877395629882812,1.0
cip-const,512,0.5,iid,betting,1000,0.0,0.00305938720703125,0.9938812255859375,1.0
cip-const,512,0.5,iid,betting,2000,0.0,0.001529693603515625,0.9969406127929688,1.0
cip-const,512,0.5,iid,betting,5000,0.0,0.000614166259765625,0.9987716674804688,1.0
cip-const,512,0.5,iid,betting,10000,0.0,0.0,1.0,1.0
cip-const,512,0.5,adaptive,hoeffding,50,0.0,0.49509071045660724,0.5049092895433928,1.0
cip-const,512,0.5,adaptive,hoeffding,100,0.0,0.3697340484969811,0.6302659515030189,1.0
cip-const,512,0.5,adaptive,hoeffding,200,0.0,0.274635328613893,0.725364671386107,1.0
cip-const,512,0.5,adaptive,hoeffding,500,0.0,0.18414610411317237,0.8158538958868277,1.0
cip-const,512,0.5,adaptive,hoeffding,1000,0.0,0.13553405443948416,0.8644659455605158,1.0
cip-const,512,0.5,adaptive,hoeffding,2000,0.0,0.09945869996028617,0.9005413000397138,1.0
cip-const,512,0.5,adaptive,hoeffding,5000,0.0,0.06580888554144937,0.9341911144585506,1.0
cip-const,512,0.5,adaptive,hoeffding,10000,0.0,0.04802981695136191,0.9519701830486381,1.0
cip-const,512,0.5,adaptive,betting,50,0.0,0.09090423583984375,0.8181915283203125,1.0
cip-const,512,0.5,adaptive,betting,100,0.0,0.044506617954799106,0.9109867640904018,1.0
cip-const,512,0.5,adaptive,betting,200,0.0,0.022027151925223216,0.9559456961495536,1.0
cip-const,512,0.5,adaptive,betting,500,0.0,0.008757455008370536,0.9824850899832589,1.0
cip-const,512,0.5,adaptive,betting,1000,0.0,0.004370553152901786,0.9912588936941964,1.0
cip-const,512,0.5,adaptive,betting,2000,0.0,0.002185276576450893,0.9956294468470982,1.0
cip-const,512,0.5,adaptive,betting,5000,0.0,0.00087738037109375,0.9982452392578125,1.0
cip-const,512,0.5,adaptive,betting,10000,0.0,0.0,1.0,1.0
cip-const,384,0.1,iid,hoeffding,50,0.92,0.34656349731962505,-0.26656349731962514,0.42656349731962506
cip-const,384,0.1,iid,hoeffding,100,0.9,0.25881383394788676,-0.15881383394788684,0.3588138339478868
cip-const,384,0.1,iid,hoeffding,200,0.905,0.19224473002972509,-0.097244730029725,0.28724473002972506
cip-const,384,0.1,iid,hoeffding,500,0.882,0.12890227287922065,-0.010902272879220742,0.24690227287922062
cip-const,384,0.1,iid,hoeffding,1000,0.903,0.09487383810763891,0.0021261618923610337,0.19187383810763892
cip-const,384,0.1,iid,hoeffding,2000,0.898,0.06962108997220032,0.03237891002779969,0.17162108997220027
cip-const,384,0.1,iid,hoeffding,5000,0.8956,0.046066219879014554,0.058333780120985446,0.15046621987901465
cip-const,384,0.1,iid,hoeffding,10000,0.899,0.03362087186595333,0.06737912813404667,0.13462087186595328
cip-const,384,0.1,iid,betting,50,0.92,0.14253417968750004,0.0,0.2850683593750001
cip-const,384,0.1,iid,betting,100,0.9,0.11387367248535152,0.006677246093749867,0.2344245910644529
cip-const,384,0.1,iid,betting,200,0.905,0.07458549499511719,0.0334622192382813,0.18263320922851567
cip-const,384,0.1,iid,betting,500,0.882,0.04712554931640617,0.0776895751953125,0.17194067382812483
cip-const,384,0.1,iid,betting,1000,0.903,0.029657352447509833,0.07240069580078112,0.1317154006958008
cip-const,384,0.1,iid,betting,2000,0.898,0.02378926849365237,0.08124389648437502,0.12882243347167976
cip-const,384,0.1,iid,betting,5000,0.8956,0.016331431579589883,0.089400146484375,0.12206300964355477
cip-const,384,0.1,iid,betting,10000,0.899,0.01143013763427736,0.09027984619140628,0.113140121459961
cip-const,384,0.1,adaptive,hoeffding,50,0.8622413285262883,0.49509071045660724,-0.35733203898289556,0.6328493819303189
cip-const,384,0.1,adaptive,hoeffding,100,0.8748644586559385,0.3697340484969811,-0.24459850715291953,0.49486958984104257
cip-const,384,0.1,adaptive,hoeffding,200,0.8864778238604777,0.274635328613893,-0.16111315247437075,0.38815750475341537
cip-const,384,0.1,adaptive,hoeffding,500,0.8907429540529848,0.18414610411317237,-0.07488905816615721,0.2934031500601876
cip-const,384,0.1,adaptive,hoeffding,1000,0.8574706843735185,0.13553405443948416,0.006995261186997337,0.2780633700659657
cip-const,384,0.1,adaptive,hoeffding,2000,0.8643799270423332,0.09945869996028617,0.03616137299738065,0.23507877291795287
cip-const,384,0.1,adaptive,hoeffding,5000,0.8808621473220817,0.06580888554144937,0.05332896713646895,0.1849467382193677
cip-const,384,0.1,adaptive,hoeffding,10000,0.8935600642518985,0.04802981695136191,0.05841011879673963,0.1544697526994634
cip-const,384,0.1,adaptive,betting,50,0.862241328526288,0.2371476992498407,0.0,0.4742953984996814
cip-const,384,0.1,adaptive,betting,100,0.8748644586559386,0.17170556336218,0.0,0.34341112672436
cip-const,384,0.1,adaptive,betting,200,0.8864778238604778,0.1279447054413701,0.0,0.2558894108827402
cip-const,384,0.1,adaptive,betting,500,0.890742954052985,0.09035295463182325,0.020756950286509368,0.20146285955015586
cip-const,384,0.1,adaptive,betting,1000,0.8574706843735166,0.06294708868157306,0.07899331211777127,0.2048874894809174
cip-const,384,0.1,adaptive,betting,2000,0.864379927042332,0.048571018422171874,0.08780635836580097,0.18494839521014472
cip-const,384,0.1,adaptive,betting,5000,0.8808621473220775,0.030014025469466965,0.08941900801052305,0.14944705894945698
cip-const,384,0.1,adaptive,betting,10000,0.8935600642518973,0.01875125998182181,0.0878350331100991,0.12533755307374272
cip-const,384,0.2,iid,hoeffding,50,0.92,0.34656349731962505,-0.26656349731962514,0.42656349731962506
cip-const,384,0.2,iid,hoeffding,100,0.9,0.25881383394788676,-0.15881383394788684,0.3588138339478868
cip-const,384,0.2,iid,hoeffding,200,0.905,0.19224473002972509,-0.097244730029725,0.28724473002972506
cip-const,384,0.2,iid,hoeffding,500,0.884,0.12890227287922065,-0.012902272879220744,0.24490227287922062
cip-const,384,0.2,iid,hoeffding,1000,0.904,0.09487383810763891,0.0011261618923610328,0.19087383810763892
cip-const,384,0.2,iid,hoeffding,2000,0.899,0.06962108997220032,0.03137891002779969,0.17062108997220027
cip-const,384,0.2,iid,hoeffding,5000,0.8958,0.046066219879014554,0.05813378012098536,0.15026621987901456
cip-const,384,0.2,iid,hoeffding,10000,0.8991,0.03362087186595333,0.06727912813404668,0.1345208718659533
cip-const,384,0.2,iid,betting,50,0.92,0.14253417968750004,0.0,0.2850683593750001
cip-const,384,0.2,iid,betting,100,0.9,0.11387367248535152,0.006677246093749867,0.2344245910644529
cip-const,384,0.2,iid,betting,200,0.905,0.07458549499511719,0.0334622192382813,0.18263320922851567
cip-const,384,0.2,iid,betting,500,0.884,0.04705581665039055,0.07601879882812501,0.1701304321289061
cip-const,384,0.2,iid,betting,1000,0.904,0.029792602539062463,0.07120312500000003,0.13078833007812496
cip-const,384,0.2,iid,betting,2000,0.899,0.02371648025512696,0.08039190673828123,0.12782486724853515
cip-const,384,0.2,iid,betting,5000,0.8958,0.016332467651367255,0.08922252197265623,0.12188745727539074
cip-const,384,0.2,iid,betting,10000,0.8991,0.01143236541748055,0.09019046020507804,0.11305519104003914
cip-const,384,0.2,adaptive,hoeffding,50,0.9054891004624369,0.49509071045660724,-0.40057981091904415,0.5896016099941703
cip-const,384,0.2,adaptive,hoeffding,100,0.8668146849103505,0.3697340484969811,-0.23654873340733173,0.5029193635866306
cip-const,384,0.2,adaptive,hoeffding,200,0.8683895953450701,0.274635328613893,-0.14302492395896316,0.40624573326882296
cip-const,384,0.2,adaptive,hoeffding,500,0.8751203669050046,0.18414610411317237,-0.05926647101817695,0.30902573720816773
cip-const,384,0.2,adaptive,hoeffding,1000,0.8516265892109924,0.13553405443948416,0.012839356349523379,0.28390746522849175
cip-const,384,0.2,adaptive,hoeffding,2000,0.8573986120419849,0.09945869996028617,0.04314268799772902,0.24206008791830125
cip-const,384,0.2,adaptive,hoeffding,5000,0.8768834166289762,0.06580888554144937,0.057307697829574455,0.1889254689124732
cip-const,384,0.2,adaptive,hoeffding,10000,0.8940569200278882,0.04802981695136191,0.05791326302074995,0.1539728969234737
cip-const,384,0.2,adaptive,betting,50,0.9054891004624369,0.22637472312075652,0.0,0.45274944624151303
cip-const,384,0.2,adaptive,betting,100,0.8668146849103504,0.18545298112189496,0.0,0.3709059622437899
cip-const,384,0.2,adaptive,betting,200,0.8683895953450703,0.1518014253772315,0.0,0.303602850754463
cip-const,384,0.2,adaptive,betting,500,0.8751203669050048,0.10908595059259507,0.0199168150186404,0.23808871620383054
cip-const,384,0.2,adaptive,betting,1000,0.851626589210992,0.08113193543125752,0.068587475133435,0.23085134599595003
cip-const,384,0.2,adaptive,betting,2000,0.8573986120419865,0.060106698789862245,0.08324947632829072,0.2034628739080152
cip-const,384,0.2,adaptive,betting,5000,0.8768834166289725,0.03742479637999013,0.08618641814288486,0.16103601090286512
cip-const,384,0.2,adaptive,betting,10000,0.8940569200278887,0.022479180988497605,0.08364445530234144,0.12860281727933665
cip-const,384,0.5,iid,hoeffding,50,0.9,0.34656349731962505,-0.24656349731962512,0.4465634973196251
cip-const,384,0.5,iid,hoeffding,100,0.9,0.25881383394788676,-0.15881383394788684,0.3588138339478868
cip-const,384,0.5,iid,hoeffding,200,0.905,0.19224473002972509,-0.097244730029725,0.28724473002972506
cip-const,384,0.5,iid,hoeffding,500,0.872,0.12890227287922065,-0.0009022728792207335,0.25690227287922063
cip-const,384,0.5,iid,hoeffding,1000,0.892,0.09487383810763891,0.013126161892361043,0.20287383810763893
cip-const,384,0.5,iid,hoeffding,2000,0.8895,0.06962108997220032,0.04087891002779975,0.18012108997220033
cip-const,384,0.5,iid,hoeffding,5000,0.885,0.046066219879014554,0.06893378012098539,0.1610662198790146
cip-const,384,0.5,iid,hoeffding,10000,0.8892,0.03362087186595333,0.0771791281340467,0.14442087186595332
cip-const,384,0.5,iid,betting,50,0.9,0.1569347381591797,0.0,0.3138694763183594
cip-const,384,0.5,iid,betting,100,0.9,0.11398048400878891,0.007177734375000133,0.23513870239257795
cip-const,384,0.5,iid,betting,200,0.905,0.07401519775390619,0.03363616943359382,0.1816665649414062
cip-const,384,0.5,iid,betting,500,0.872,0.04750573730468749,0.08692968750000007,0.18194116210937505
cip-const,384,0.5,iid,betting,1000,0.892,0.03138810729980468,0.08184374999999999,0.14461996459960935
cip-const,384,0.5,iid,betting,2000,0.8895,0.02472340583801269,0.08892471313476569,0.13837152481079107
cip-const,384,0.5,iid,betting,5000,0.885,0.017217807769775495,0.09901763916015616,0.13345325469970715
cip-const,384,0.5,iid,betting,10000,0.8892,0.012169380187988188,0.09928989257812515,0.12362865295410153
cip-const,384,0.5,adaptive,hoeffding,50,0.91428582894479,0.49509071045660724,-0.4093765394013973,0.5808048815118172
cip-const,384,0.5,adaptive,hoeffding,100,0.8857153306217346,0.3697340484969811,-0.25544937911871557,0.48401871787524653
cip-const,384,0.5,adaptive,hoeffding,200,0.8785719917485066,0.274635328613893,-0.1532073203623996,0.3960633368653863
cip-const,384,0.5,adaptive,hoeffding,500,0.8600003834395653,0.18414610411317237,-0.044146487552737756,0.32414572067360703
cip-const,384,0.5,adaptive,hoeffding,1000,0.8385725303917118,0.13553405443948416,0.025893415168804057,0.29696152404777243
cip-const,384,0.5,adaptive,hoeffding,2000,0.8535770096031594,0.09945869996028617,0.04696429043655437,0.24588169035712681
cip-const,384,0.5,adaptive,hoeffding,5000,0.8705713761387578,0.06580888554144937,0.06361973831979284,0.19523750940269158
cip-const,384,0.5,adaptive,hoeffding,10000,0.8827012565919821,0.04802981695136191,0.06926892645665605,0.16532856035937982
cip-const,384,0.5,adaptive,betting,50,0.9142858071465201,0.2297921042523594,0.0,0.4595842085047188
cip-const,384,0.5,adaptive,betting,100,0.8857153095046606,0.18311512966986426,0.0,0.3662302593397285
cip-const,384,0.5,adaptive,betting,200,0.8785719708017314,0.15133149562687942,0.0,0.30266299125375884
cip-const,384,0.5,adaptive,betting,500,0.8600003630036878,0.11778613498794704,0.0256798596069977,0.2612521295828918
cip-const,384,0.5,adaptive,betting,1000,0.8385725104667311,0.08641395595152285,0.07626224042941088,0.24909015233245657
cip-const,384,0.5,adaptive,betting,2000,0.8535769893375796,0.0639096545230809,0.08334874577514984,0.21116805482131162
cip-const,384,0.5,adaptive,betting,5000,0.8705713554644604,0.040194038201985305,0.08964934244881206,0.17003741885278267
cip-const,384,0.5,adaptive,betting,10000,0.8827012356349891,0.02726868843298408,0.09027845635283727,0.14481583321880542
cip-const,256,0.1,iid,hoeffding,50,0.92,0.34656349731962505,-0.26656349731962514,0.42656349731962506
cip-const,256,0.1,iid,hoeffding,100,0.9,0.25881383394788676,-0.15881383394788684,0.3588138339478868
cip-const,256,0.1,iid,hoeffding,200,0.905,0.19224473002972509,-0.097244730029725,0.28724473002972506
cip-const,256,0.1,iid,hoeffding,500,0.882,0.12890227287922065,-0.010902272879220742,0.24690227287922062
cip-const,256,0.1,iid,hoeffding,1000,0.903,0.09487383810763891,0.0021261618923610337,0.19187383810763892
cip-const,256,0.1,iid,hoeffding,2000,0.8975,0.06962108997220032,0.032878910027799746,0.17212108997220033
cip-const,256,0.1,iid,hoeffding,5000,0.8956,0.046066219879014554,0.058333780120985446,0.15046621987901465
cip-const,256,0.1,iid,hoeffding,10000,0.8991,0.03362087186595333,0.06727912813404668,0.1345208718659533
cip-const,256,0.1,iid,betting,50,0.92,0.14253417968750004,0.0,0.2850683593750001
cip-const,256,0.1,iid,betting,100,0.9,0.11387367248535152,0.006677246093749867,0.2344245910644529
cip-const,256,0.1,iid,betting,200,0.905,0.07458549499511719,0.0334622192382813,0.18263320922851567
cip-const,256,0.1,iid,betting,500,0.882,0.04712554931640617,0.0776895751953125,0.17194067382812483
cip-const,256,0.1,iid,betting,1000,0.903,0.029657352447509833,0.07240069580078112,0.1317154006958008
cip-const,256,0.1,iid,betting,2000,0.8975,0.023920507431030302,0.08161712646484365,0.12945814132690425
cip-const,256,0.1,iid,betting,5000,0.8956,0.016381065368652303,0.08935554199218765,0.12211767272949225
cip-const,256,0.1,iid,betting,10000,0.8991,0.011471068954467811,0.09014735107421878,0.11308948898315441
cip-const,256,0.1,adaptive,hoeffding,50,0.9184883422404527,0.49509071045660724,-0.41357905269705997,0.5766023682161545
cip-const,256,0.1,adaptive,hoeffding,100,0.8785289133526385,0.3697340484969811,-0.2482629618496195,0.4912051351443426
cip-const,256,0.1,adaptive,hoeffding,200,0.8605546438321471,0.274635328613893,-0.13518997244604014,0.414080684781746
cip-const,256,0.1,adaptive,hoeffding,500,0.8663579396391288,0.18414610411317237,-0.05050404375230122,0.31778816447404357
cip-const,256,0.1,adaptive,hoeffding,1000,0.8723288131742738,0.13553405443948416,-0.007862867613757984,0.2632052412652104
cip-const,256,0.1,adaptive,hoeffding,2000,0.8776384967598133,0.09945869996028617,0.022902803279900574,0.2218202032004728
cip-const,256,0.1,adaptive,hoeffding,5000,0.8868864801206626,0.06580888554144937,0.04730463433788801,0.17892240542078675
cip-const,256,0.1,adaptive,hoeffding,10000,0.8930384911321803,0.04802981695136191,0.05893169191645786,0.15499132581918162
cip-const,256,0.1,adaptive,betting,50,0.9184883422404525,0.19265061423747065,0.0,0.3853012284749413
cip-const,256,0.1,adaptive,betting,100,0.8785289133526385,0.1609400664454913,0.0,0.3218801328909826
cip-const,256,0.1,adaptive,betting,200,0.8605546438321472,0.1279226644318358,0.016197085309201498,0.2720424141728731
cip-const,256,0.1,adaptive,betting,500,0.8663579396391285,0.0809844048165651,0.05437489975090992,0.21634370938404013
cip-const,256,0.1,adaptive,betting,1000,0.8723288131742734,0.06119877029959975,0.06851269333637466,0.19091023393557416
cip-const,256,0.1,adaptive,betting,2000,0.8776384967598141,0.045491086611849085,0.0785716832663288,0.16955385649002697
cip-const,256,0.1,adaptive,betting,5000,0.8868864801206624,0.028543503007146476,0.08532505557435321,0.14241206158864617
cip-const,256,0.1,adaptive,betting,10000,0.8930384911321797,0.020196215793397254,0.0872271331977188,0.1276195647845133
cip-const,256,0.2,iid,hoeffding,50,0.92,0.34656349731962505,-0.26656349731962514,0.42656349731962506
cip-const,256,0.2,iid,hoeffding,100,0.9,0.25881383394788676,-0.15881383394788684,0.3588138339478868
cip-const,256,0.2,iid,hoeffding,200,0.905,0.19224473002972509,-0.097244730029725,0.28724473002972506
cip-const,256,0.2,iid,hoeffding,500,0.882,0.12890227287922065,-0.010902272879220742,0.24690227287922062
cip-const,256,0.2,iid,hoeffding,1000,0.902,0.09487383810763891,0.0031261618923610346,0.19287383810763892
cip-const,256,0.2,iid,hoeffding,2000,0.8975,0.06962108997220032,0.032878910027799746,0.17212108997220033
cip-const,256,0.2,iid,hoeffding,5000,0.895,0.046066219879014554,0.05893378012098538,0.15106621987901458
cip-const,256,0.2,iid,hoeffding,10000,0.8986,0.03362087186595333,0.06777912813404674,0.13502087186595335
cip-const,256,0.2,iid,betting,50,0.92,0.14253417968750004,0.0,0.2850683593750001
cip-const,256,0.2,iid,betting,100,0.9,0.11387367248535152,0.006677246093749867,0.2344245910644529
cip-const,256,0.2,iid,betting,200,0.905,0.07458549499511719,0.0334622192382813,0.18263320922851567
cip-const,256,0.2,iid,betting,500,0.882,0.04712554931640617,0.0776895751953125,0.17194067382812483
cip-const,256,0.2,iid,betting,1000,0.902,0.0300886306762696,0.07296765136718741,0.13314491271972662
cip-const,256,0.2,iid,betting,2000,0.8975,0.023942995071411177,0.08158584594726559,0.12947183609008794
cip-const,256,0.2,iid,betting,5000,0.895,0.01645570755004888,0.08986267089843736,0.12277408599853512
cip-const,256,0.2,iid,betting,10000,0.8986,0.011449331665039031,0.09064976806640623,0.1135484313964843
cip-const,256,0.2,adaptive,hoeffding,50,0.8635039108525961,0.49509071045660724,-0.3585946213092033,0.6315867996040111
cip-const,256,0.2,adaptive,hoeffding,100,0.8418513201235328,0.3697340484969811,-0.21158536862051402,0.5278827283734483
cip-const,256,0.2,adaptive,hoeffding,200,0.8412542949267663,0.274635328613893,-0.11588962354065924,0.43338103368712666
cip-const,256,0.2,adaptive,hoeffding,500,0.8631251761673484,0.18414610411317237,-0.047271280280520855,0.32102092794582393
cip-const,256,0.2,adaptive,hoeffding,1000,0.8584348729250342,0.13553405443948416,0.006031072635481638,0.27709918151445
cip-const,256,0.2,adaptive,hoeffding,2000,0.8675505639777521,0.09945869996028617,0.03299073606196168,0.23190813598253412
cip-const,256,0.2,adaptive,hoeffding,5000,0.877610136916249,0.06580888554144937,0.056580977542301625,0.18819874862520036
cip-const,256,0.2,adaptive,hoeffding,10000,0.8923035915844448,0.04802981695136191,0.059666591464193286,0.15572622536691705
cip-const,256,0.2,adaptive,betting,50,0.8635039108525965,0.23342926983010398,0.0,0.46685853966020796
cip-const,256,0.2,adaptive,betting,100,0.8418513201235329,0.1907028795481197,0.0,0.3814057590962394
cip-const,256,0.2,adaptive,betting,200,0.8412542949267664,0.14986186666488377,0.015268115509466496,0.31499184883923403
cip-const,256,0.2,adaptive,betting,500,0.863125176167348,0.09939913787161986,0.04114688544118339,0.2399451611844231
cip-const,256,0.2,adaptive,betting,1000,0.8584348729250342,0.07510892300880723,0.06932370315395053,0.219541549171565
cip-const,256,0.2,adaptive,betting,2000,0.8675505639777525,0.05456080425850979,0.07958835449658286,0.18870996301360243
cip-const,256,0.2,adaptive,betting,5000,0.8776101369162495,0.035105332707737635,0.0881481434043141,0.15835880881978937
cip-const,256,0.2,adaptive,betting,10000,0.8923035915844431,0.022088519626561276,0.0860938222088059,0.13027086146192846
cip-const,256,0.5,iid,hoeffding,50,0.92,0.34656349731962505,-0.26656349731962514,0.42656349731962506
cip-const,256,0.5,iid,hoeffding,100,0.9,0.25881383394788676,-0.15881383394788684,0.3588138339478868
cip-const,256,0.5,iid,hoeffding,200,0.905,0.19224473002972509,-0.097244730029725,0.28724473002972506
cip-const,256,0.5,iid,hoeffding,500,0.88,0.12890227287922065,-0.00890227287922074,0.24890227287922062
cip-const,256,0.5,iid,hoeffding,1000,0.902,0.09487383810763891,0.0031261618923610346,0.19287383810763892
cip-const,256,0.5,iid,hoeffding,2000,0.897,0.06962108997220032,0.03337891002779969,0.17262108997220027
cip-const,256,0.5,iid,hoeffding,5000,0.8946,0.046066219879014554,0.059333780120985447,0.15146621987901465
cip-const,256,0.5,iid,hoeffding,10000,0.8972,0.03362087186595333,0.0691791281340467,0.1364208718659533
cip-const,256,0.5,iid,betting,50,0.92,0.14253417968750004,0.0,0.2850683593750001
cip-const,256,0.5,iid,betting,100,0.9,0.11387367248535152,0.006677246093749867,0.2344245910644529
cip-const,256,0.5,iid,betting,200,0.905,0.07458549499511719,0.0334622192382813,0.18263320922851567
cip-const,256,0.5,iid,betting,500,0.88,0.04709930419921876,0.07943847656250014,0.17363708496093766
cip-const,256,0.5,iid,betting,1000,0.902,0.029352890014648525,0.07366149902343733,0.13236727905273438
cip-const,256,0.5,iid,betting,2000,0.897,0.023737495422363364,0.08231072998046862,0.12978572082519535
cip-const,256,0.5,iid,betting,5000,0.8946,0.016324017333984475,0.09044302978515617,0.12309106445312512
cip-const,256,0.5,iid,betting,10000,0.8972,0.011567987060546847,0.09195781250000001,0.11509378662109371
cip-const,256,0.5,adaptive,hoeffding,50,0.9142858541663452,0.49509071045660724,-0.40937656462295235,0.580804856290262
cip-const,256,0.5,adaptive,hoeffding,100,0.8857152669168173,0.3697340484969811,-0.25544931541379845,0.48401878158016376
cip-const,256,0.5,adaptive,hoeffding,200,0.8785465211663144,0.274635328613893,-0.15318184978020732,0.3960888074475786
cip-const,256,0.5,adaptive,hoeffding,500,0.8714246564004381,0.18414610411317237,-0.05557076051361043,0.31272144771273425
cip-const,256,0.5,adaptive,hoeffding,1000,0.8458285400819262,0.13553405443948416,0.018637405478589608,0.289705514357558
cip-const,256,0.5,adaptive,hoeffding,2000,0.858662609807902,0.09945869996028617,0.04187869023181179,0.24079609015238423
cip-const,256,0.5,adaptive,hoeffding,5000,0.87751899684821,0.06580888554144937,0.05667211761034063,0.18828988869323937
cip-const,256,0.5,adaptive,hoeffding,10000,0.8889743677453218,0.04802981695136191,0.06299581530331633,0.1590554492060401
cip-const,256,0.5,adaptive,betting,50,0.914285833730467,0.2291991833718553,0.0,0.4583983667437106
cip-const,256,0.5,adaptive,betting,100,0.8857152464809389,0.18317596945755904,0.0,0.3663519389151181
cip-const,256,0.5,adaptive,betting,200,0.878546501071034,0.1514689562782926,0.0,0.3029379125565852
cip-const,256,0.5,adaptive,betting,500,0.8714246365776361,0.11721116953882671,0.015141378351972157,0.24956371742962558
cip-const,256,0.5,adaptive,betting,1000,0.8458285208381413,0.08571729319389765,0.06975129535418334,0.24118588174197864
cip-const,256,0.5,adaptive,betting,2000,0.8586625900872802,0.06378341994991343,0.07842968686593133,0.2059965267657582
cip-const,256,0.5,adaptive,betting,5000,0.8775189767052471,0.039575788470689155,0.08336517847539449,0.1625167554167728
cip-const,256,0.5,adaptive,betting,10000,0.8889743472583532,0.026947911690795356,0.08434056148591451,0.13823638486750522
cip-const,128,0.1,iid,hoeffding,50,0.92,0.34656349731962505,-0.26656349731962514,0.42656349731962506
cip-const,128,0.1,iid,hoeffding,100,0.9,0.25881383394788676,-0.15881383394788684,0.3588138339478868
cip-const,128,0.1,iid,hoeffding,200,0.905,0.19224473002972509,-0.097244730029725,0.28724473002972506
cip-const,128,0.1,iid,hoeffding,500,0.882,0.12890227287922065,-0.010902272879220742,0.24690227287922062
cip-const,128,0.1,iid,hoeffding,1000,0.902,0.09487383810763891,0.0031261618923610346,0.19287383810763892
cip-const,128,0.1,iid,hoeffding,2000,0.8975,0.06962108997220032,0.032878910027799746,0.17212108997220033
cip-const,128,0.1,iid,hoeffding,5000,0.8954,0.046066219879014554,0.058533780120985424,0.15066621987901463
cip-const,128,0.1,iid,hoeffding,10000,0.8989,0.03362087186595333,0.06747912813404666,0.13472087186595327
cip-const,128,0.1,iid,betting,50,0.92,0.14253417968750004,0.0,0.2850683593750001
cip-const,128,0.1,iid,betting,100,0.9,0.11387367248535152,0.006677246093749867,0.2344245910644529
cip-const,128,0.1,iid,betting,200,0.905,0.07458549499511719,0.0334622192382813,0.18263320922851567
cip-const,128,0.1,iid,betting,500,0.882,0.04712554931640617,0.0776895751953125,0.17194067382812483
cip-const,128,0.1,iid,betting,1000,0.902,0.0300886306762696,0.07296765136718741,0.13314491271972662
cip-const,128,0.1,iid,betting,2000,0.8975,0.023942995071411177,0.08158584594726559,0.12947183609008794
cip-const,128,0.1,iid,betting,5000,0.8954,0.01640374450683596,0.08952672119140626,0.12233421020507818
cip-const,128,0.1,iid,betting,10000,0.8989,0.011503342056274346,0.09030752563476563,0.11331420974731432
cip-const,128,0.1,adaptive,hoeffding,50,0.9307771404087544,0.49509071045660724,-0.4258678508653615,0.5643135700478529
cip-const,128,0.1,adaptive,hoeffding,100,0.9282206512242556,0.3697340484969811,-0.2979546997212368,0.44151339727272554
cip-const,128,0.1,adaptive,hoeffding,200,0.9145383308269084,0.274635328613893,-0.18917365944080133,0.36009699778698456
cip-const,128,0.1,adaptive,hoeffding,500,0.8894202152043581,0.18414610411317237,-0.07356631931753044,0.29472588890881424
cip-const,128,0.1,adaptive,hoeffding,1000,0.8729333059936761,0.13553405443948416,-0.00846736043316021,0.26260074844580805
cip-const,128,0.1,adaptive,hoeffding,2000,0.8756531482068822,0.09945869996028617,0.024888151832831662,0.2238055517534039
cip-const,128,0.1,adaptive,hoeffding,5000,0.8867043357219547,0.06580888554144937,0.0474867787365959,0.17910454981949464
cip-const,128,0.1,adaptive,hoeffding,10000,0.891226918187458,0.04802981695136191,0.06074326486118009,0.15680289876390385
cip-const,128,0.1,adaptive,betting,50,0.9307771404087544,0.1728162691711963,0.0,0.3456325383423926
cip-const,128,0.1,adaptive,betting,100,0.9282206512242556,0.12544563107871332,0.0,0.25089126215742663
cip-const,128,0.1,adaptive,betting,200,0.9145383308269086,0.10195478289021692,0.0,0.20390956578043384
cip-const,128,0.1,adaptive,betting,500,0.8894202152043584,0.07120187830569985,0.04368771759764889,0.1860914742090486
cip-const,128,0.1,adaptive,betting,1000,0.8729333059936757,0.05157278377222507,0.07786674244811664,0.1810123099925668
cip-const,128,0.1,adaptive,betting,2000,0.8756531482068821,0.0387782835547299,0.08695467316494909,0.1645112402744089
cip-const,128,0.1,adaptive,betting,5000,0.8867043357219528,0.024669964878401063,0.08909453847283466,0.1384344682296368
cip-const,128,0.1,adaptive,betting,10000,0.8912269181874591,0.017706244803009752,0.09128413160732518,0.12669662121334468
cip-const,128,0.2,iid,hoeffding,50,0.92,0.34656349731962505,-0.26656349731962514,0.42656349731962506
cip-const,128,0.2,iid,hoeffding,100,0.9,0.25881383394788676,-0.15881383394788684,0.3588138339478868
cip-const,128,0.2,iid,hoeffding,200,0.905,0.19224473002972509,-0.097244730029725,0.28724473002972506
cip-const,128,0.2,iid,hoeffding,500,0.882,0.12890227287922065,-0.010902272879220742,0.24690227287922062
cip-const,128,0.2,iid,hoeffding,1000,0.902,0.09487383810763891,0.0031261618923610346,0.19287383810763892
cip-const,128,0.2,iid,hoeffding,2000,0.8975,0.06962108997220032,0.032878910027799746,0.17212108997220033
cip-const,128,0.2,iid,hoeffding,5000,0.8956,0.046066219879014554,0.058333780120985446,0.15046621987901465
cip-const,128,0.2,iid,hoeffding,10000,0.8991,0.03362087186595333,0.06727912813404668,0.1345208718659533
cip-const,128,0.2,iid,betting,50,0.92,0.14253417968750004,0.0,0.2850683593750001
cip-const,128,0.2,iid,betting,100,0.9,0.11387367248535152,0.006677246093749867,0.2344245910644529
cip-const,128,0.2,iid,betting,200,0.905,0.07458549499511719,0.0334622192382813,0.18263320922851567
cip-const,128,0.2,iid,betting,500,0.882,0.04712554931640617,0.0776895751953125,0.17194067382812483
cip-const,128,0.2,iid,betting,1000,0.902,0.0300886306762696,0.07296765136718741,0.13314491271972662
cip-const,128,0.2,iid,betting,2000,0.8975,0.023942995071411177,0.08158584594726559,0.12947183609008794
cip-const,128,0.2,iid,betting,5000,0.8956,0.016414077758789003,0.0893236816406251,0.1221518371582031
cip-const,128,0.2,iid,betting,10000,0.8991,0.011425155258178776,0.09018430175781245,0.11303461227417
cip-const,128,0.2,adaptive,hoeffding,50,0.9111384875886143,0.49509071045660724,-0.4062291980452215,0.583952222867993
cip-const,128,0.2,adaptive,hoeffding,100,0.9134321513213217,0.3697340484969811,-0.2831661998183028,0.4563018971756594
cip-const,128,0.2,adaptive,hoeffding,200,0.9244719558698126,0.274635328613893,-0.19910728448370563,0.3501633727440805
cip-const,128,0.2,adaptive,hoeffding,500,0.8831602246211842,0.18414610411317237,-0.06730632873435649,0.3009858794919882
cip-const,128,0.2,adaptive,hoeffding,1000,0.8641035320761148,0.13553405443948416,0.00036241348440102517,0.2714305223633694
cip-const,128,0.2,adaptive,hoeffding,2000,0.8731203167404165,0.09945869996028617,0.02742098329929732,0.22633838321986977
cip-const,128,0.2,adaptive,hoeffding,5000,0.8853439048803877,0.06580888554144937,0.04884720957816291,0.18046498066106165
cip-const,128,0.2,adaptive,hoeffding,10000,0.8923678595987352,0.04802981695136191,0.059602323449902905,0.15566195735262667
cip-const,128,0.2,adaptive,betting,50,0.9111384875886142,0.20237431071390904,0.0,0.4047486214278181
cip-const,128,0.2,adaptive,betting,100,0.9134321513213219,0.14879358903511553,0.0,0.29758717807023105
cip-const,128,0.2,adaptive,betting,200,0.9244719558698125,0.10853544239283502,0.0,0.21707088478567005
cip-const,128,0.2,adaptive,betting,500,0.883160224621183,0.08487729346240314,0.033250448406217825,0.2030050353310241
cip-const,128,0.2,adaptive,betting,1000,0.8641035320761141,0.061900274730297855,0.07390801194432084,0.19770856140491655
cip-const,128,0.2,adaptive,betting,2000,0.8731203167404158,0.0479540212999629,0.07939986867710569,0.1753079112770315
cip-const,128,0.2,adaptive,betting,5000,0.8853439048803875,0.030560227760173808,0.08441784428915411,0.14553829980950173
cip-const,128,0.2,adaptive,betting,10000,0.892367859598736,0.021461472246986857,0.08631850671635999,0.1292414512103337
cip-const,128,0.5,iid,hoeffding,50,0.92,0.34656349731962505,-0.26656349731962514,0.42656349731962506
cip-const,128,0.5,iid,hoeffding,100,0.9,0.25881383394788676,-0.15881383394788684,0.3588138339478868
cip-const,128,0.5,iid,hoeffding,200,0.905,0.19224473002972509,-0.097244730029725,0.28724473002972506
cip-const,128,0.5,iid,hoeffding,500,0.884,0.12890227287922065,-0.012902272879220744,0.24490227287922062
cip-const,128,0.5,iid,hoeffding,1000,0.904,0.09487383810763891,0.0011261618923610328,0.19087383810763892
cip-const,128,0.5,iid,hoeffding,2000,0.899,0.06962108997220032,0.03137891002779969,0.17062108997220027
cip-const,128,0.5,iid,hoeffding,5000,0.8956,0.046066219879014554,0.058333780120985446,0.15046621987901465
cip-const,128,0.5,iid,hoeffding,10000,0.8991,0.03362087186595333,0.06727912813404668,0.1345208718659533
cip-const,128,0.5,iid,betting,50,0.92,0.14253417968750004,0.0,0.2850683593750001
cip-const,128,0.5,iid,betting,100,0.9,0.11387367248535152,0.006677246093749867,0.2344245910644529
cip-const,128,0.5,iid,betting,200,0.905,0.07458549499511719,0.0334622192382813,0.18263320922851567
cip-const,128,0.5,iid,betting,500,0.884,0.04716607666015621,0.07591967773437502,0.17025183105468744
cip-const,128,0.5,iid,betting,1000,0.904,0.02992156982421873,0.07117968750000003,0.1310228271484375
cip-const,128,0.5,iid,betting,2000,0.899,0.023913135528564444,0.08010833740234369,0.12793460845947258
cip-const,128,0.5,iid,betting,5000,0.8956,0.016460946655273423,0.08920261230468762,0.12212450561523447
cip-const,128,0.5,iid,betting,10000,0.8991,0.011536083221435567,0.09002418212890628,0.11309634857177742
cip-const,128,0.5,adaptive,hoeffding,50,0.9142650045519255,0.49509071045660724,-0.40935571500853274,0.5808257059046817
cip-const,128,0.5,adaptive,hoeffding,100,0.8857663058702022,0.3697340484969811,-0.2555003543671832,0.4839677426267789
cip-const,128,0.5,adaptive,hoeffding,200,0.8733814992533614,0.274635328613893,-0.14801682786725445,0.40125382936053167
cip-const,128,0.5,adaptive,hoeffding,500,0.8795864901232607,0.18414610411317237,-0.06373259423643307,0.3045596139899116
cip-const,128,0.5,adaptive,hoeffding,1000,0.8473230199124826,0.13553405443948416,0.017142925648033214,0.2882110345270016
cip-const,128,0.5,adaptive,hoeffding,2000,0.8582388309896001,0.09945869996028617,0.0423024690501137,0.24121986897068615
cip-const,128,0.5,adaptive,hoeffding,5000,0.8780843902381715,0.06580888554144937,0.0561067242203791,0.18772449530327784
cip-const,128,0.5,adaptive,hoeffding,10000,0.8902197096634274,0.04802981695136191,0.06175047338521067,0.15781010728793443
cip-const,128,0.5,adaptive,betting,50,0.9142649854784394,0.22903097617430923,0.0,0.45806195234861846
cip-const,128,0.5,adaptive,betting,100,0.8857662878185099,0.18296173380495012,0.0,0.36592346760990024
cip-const,128,0.5,adaptive,betting,200,0.8733814812016689,0.15309819570281918,0.0,0.30619639140563837
cip-const,128,0.5,adaptive,betting,500,0.8795864717309703,0.1169086924823573,0.007979505888770833,0.24179689085348544
cip-const,128,0.5,adaptive,betting,1000,0.8473230022695077,0.08453354278954867,0.06951100509387842,0.23857809067297575
cip-const,128,0.5,adaptive,betting,2000,0.8582388131933557,0.06303040273600607,0.0796073242115789,0.20566812968359105
cip-const,128,0.5,adaptive,betting,5000,0.8780843720774862,0.03894886343727655,0.08343630044145378,0.16133402731600688
cip-const,128,0.5,adaptive,betting,10000,0.8902196912030195,0.02621492908062234,0.08383861588607,0.13626847404731468
cip-const,64,0.1,iid,hoeffding,50,0.92,0.34656349731962505,-0.26656349731962514,0.42656349731962506
cip-const,64,0.1,iid,hoeffding,100,0.9,0.25881383394788676,-0.15881383394788684,0.3588138339478868
cip-const,64,0.1,iid,hoeffding,200,0.9,0.19224473002972509,-0.09224473002972511,0.29224473002972506
cip-const,64,0.1,iid,hoeffding,500,0.88,0.12890227287922065,-0.00890227287922074,0.24890227287922062
cip-const,64,0.1,iid,hoeffding,1000,0.902,0.09487383810763891,0.0031261618923610346,0.19287383810763892
cip-const,64,0.1,iid,hoeffding,2000,0.8975,0.06962108997220032,0.032878910027799746,0.17212108997220033
cip-const,64,0.1,iid,hoeffding,5000,0.8952,0.046066219879014554,0.0587337801209854,0.1508662198790146
cip-const,64,0.1,iid,hoeffding,10000,0.8987,0.03362087186595333,0.06767912813404664,0.13492087186595325
cip-const,64,0.1,iid,betting,50,0.92,0.14253417968750004,0.0,0.2850683593750001
cip-const,64,0.1,iid,betting,100,0.9,0.11387367248535152,0.006677246093749867,0.2344245910644529
cip-const,64,0.1,iid,betting,200,0.9,0.07585754394531247,0.03771362304687509,0.18942871093750002
cip-const,64,0.1,iid,betting,500,0.88,0.04798278808593748,0.07942382812500015,0.1753894042968751
cip-const,64,0.1,iid,betting,1000,0.902,0.029324623107910175,0.07369738769531242,0.13234663391113277
cip-const,64,0.1,iid,betting,2000,0.8975,0.023639669418334952,0.08190490722656252,0.12918424606323242
cip-const,64,0.1,iid,betting,5000,0.8952,0.016222711181640648,0.08993457031249985,0.12237999267578115
cip-const,64,0.1,iid,betting,10000,0.8987,0.011355451965331997,0.09068402709960932,0.11339493103027332
cip-const,64,0.1,adaptive,hoeffding,50,0.9198941683769226,0.49509071045660724,-0.41498487883352997,0.5751965420796846
cip-const,64,0.1,adaptive,hoeffding,100,0.8998894464969635,0.3697340484969811,-0.26962349499394467,0.46984460200001765
cip-const,64,0.1,adaptive,hoeffding,200,0.9027699729800225,0.274635328613893,-0.17740530159391543,0.37186535563387046
cip-const,64,0.1,adaptive,hoeffding,500,0.88265470713377,0.18414610411317237,-0.06680081124694248,0.3014913969794023
cip-const,64,0.1,adaptive,hoeffding,1000,0.8793461017608643,0.13553405443948416,-0.014880156200348438,0.25618795267861993
cip-const,64,0.1,adaptive,hoeffding,2000,0.883247180275619,0.09945869996028617,0.017294119764094784,0.21621151968466723
cip-const,64,0.1,adaptive,hoeffding,5000,0.8912035713791847,0.06580888554144937,0.04298754307936592,0.17460531416226466
cip-const,64,0.1,adaptive,hoeffding,10000,0.892396690799296,0.04802981695136191,0.059573492249342164,0.15563312615206593
cip-const,64,0.1,adaptive,betting,50,0.9198941683769228,0.16791113083450904,0.0,0.3358222616690181
cip-const,64,0.1,adaptive,betting,100,0.8998894464969639,0.13099397216131348,0.0,0.26198794432262695
cip-const,64,0.1,adaptive,betting,200,0.9027699729800231,0.09761286782499407,0.007122663925691941,0.20234839957568007
cip-const,64,0.1,adaptive,betting,500,0.8826547071337708,0.05734916193408379,0.06383319236397822,0.1785315162321458
cip-const,64,0.1,adaptive,betting,1000,0.8793461017608643,0.04164086491591501,0.08198620936731049,0.1652679391991405
cip-const,64,0.1,adaptive,betting,2000,0.8832471802756174,0.03105212459138257,0.08737141224250233,0.14947566142526747
cip-const,64,0.1,adaptive,betting,5000,0.8912035713791859,0.01972672882110521,0.08982259406358062,0.12927605170579104
cip-const,64,0.1,adaptive,betting,10000,0.8923966907992986,0.01446809015936179,0.09352315899767039,0.12245933931639397
cip-const,64,0.2,iid,hoeffding,50,0.92,0.34656349731962505,-0.26656349731962514,0.42656349731962506
cip-const,64,0.2,iid,hoeffding,100,0.9,0.25881383394788676,-0.15881383394788684,0.3588138339478868
cip-const,64,0.2,iid,hoeffding,200,0.905,0.19224473002972509,-0.097244730029725,0.28724473002972506
cip-const,64,0.2,iid,hoeffding,500,0.882,0.12890227287922065,-0.010902272879220742,0.24690227287922062
cip-const,64,0.2,iid,hoeffding,1000,0.902,0.09487383810763891,0.0031261618923610346,0.19287383810763892
cip-const,64,0.2,iid,hoeffding,2000,0.8975,0.06962108997220032,0.032878910027799746,0.17212108997220033
cip-const,64,0.2,iid,hoeffding,5000,0.8954,0.046066219879014554,0.058533780120985424,0.15066621987901463
cip-const,64,0.2,iid,hoeffding,10000,0.8989,0.03362087186595333,0.06747912813404666,0.13472087186595327
cip-const,64,0.2,iid,betting,50,0.92,0.14253417968750004,0.0,0.2850683593750001
cip-const,64,0.2,iid,betting,100,0.9,0.11387367248535152,0.006677246093749867,0.2344245910644529
cip-const,64,0.2,iid,betting,200,0.905,0.07458549499511719,0.0334622192382813,0.18263320922851567
cip-const,64,0.2,iid,betting,500,0.882,0.04712554931640617,0.0776895751953125,0.17194067382812483
cip-const,64,0.2,iid,betting,1000,0.902,0.0300886306762696,0.07296765136718741,0.13314491271972662
cip-const,64,0.2,iid,betting,2000,0.8975,0.023942995071411177,0.08158584594726559,0.12947183609008794
cip-const,64,0.2,iid,betting,5000,0.8954,0.01640374450683596,0.08952672119140626,0.12233421020507818
cip-const,64,0.2,iid,betting,10000,0.8989,0.01147728462219233,0.0903322082519531,0.11328677749633775
cip-const,64,0.2,adaptive,hoeffding,50,0.974686428308487,0.49509071045660724,-0.4697771387650942,0.5204042821481203
cip-const,64,0.2,adaptive,hoeffding,100,0.9472210323810577,0.3697340484969811,-0.3169550808780388,0.4225130161159234
cip-const,64,0.2,adaptive,hoeffding,200,0.9464449347555637,0.274635328613893,-0.22108026336945663,0.32819039385832927
cip-const,64,0.2,adaptive,hoeffding,500,0.8907598951607942,0.18414610411317237,-0.07490599927396668,0.2933862089523781
cip-const,64,0.2,adaptive,hoeffding,1000,0.8721018959805369,0.13553405443948416,-0.007635950420020965,0.2634321584589473
cip-const,64,0.2,adaptive,hoeffding,2000,0.8789713840745389,0.09945869996028617,0.02156991596517499,0.22048731588574721
cip-const,64,0.2,adaptive,hoeffding,5000,0.8905409739151597,0.06580888554144937,0.04365014054339089,0.17526791162628963
cip-const,64,0.2,adaptive,hoeffding,10000,0.8920166221072897,0.04802981695136191,0.059953560941348405,0.15601319484407217
cip-const,64,0.2,adaptive,betting,50,0.974686428308487,0.14134510970663094,0.0,0.2826902194132619
cip-const,64,0.2,adaptive,betting,100,0.9472210323810575,0.10922579578813846,0.0,0.21845159157627692
cip-const,64,0.2,adaptive,betting,200,0.9464449347555636,0.08027284282681252,0.0,0.16054568565362504
cip-const,64,0.2,adaptive,betting,500,0.8907598951607947,0.05340340635753882,0.060198940842898785,0.16700575355797642
cip-const,64,0.2,adaptive,betting,1000,0.8721018959805368,0.037759087428011706,0.09244796518634912,0.16796614004237254
cip-const,64,0.2,adaptive,betting,2000,0.878971384074538,0.028506602609034426,0.09379013715767193,0.15080334237574078
cip-const,64,0.2,adaptive,betting,5000,0.8905409739151636,0.016517835664725866,0.09340907584599067,0.1264447471754424
cip-const,64,0.2,adaptive,betting,10000,0.8920166221072919,0.012950638401809211,0.09520319520089726,0.12110447200451568
cip-const,64,0.5,iid,hoeffding,50,0.92,0.34656349731962505,-0.26656349731962514,0.42656349731962506
cip-const,64,0.5,iid,hoeffding,100,0.9,0.25881383394788676,-0.15881383394788684,0.3588138339478868
cip-const,64,0.5,iid,hoeffding,200,0.905,0.19224473002972509,-0.097244730029725,0.28724473002972506
cip-const,64,0.5,iid,hoeffding,500,0.884,0.12890227287922065,-0.012902272879220744,0.24490227287922062
cip-const,64,0.5,iid,hoeffding,1000,0.903,0.09487383810763891,0.0021261618923610337,0.19187383810763892
cip-const,64,0.5,iid,hoeffding,2000,0.8975,0.06962108997220032,0.032878910027799746,0.17212108997220033
cip-const,64,0.5,iid,hoeffding,5000,0.8948,0.046066219879014554,0.05913378012098536,0.15126621987901456
cip-const,64,0.5,iid,hoeffding,10000,0.8988,0.03362087186595333,0.06757912813404665,0.13482087186595326
cip-const,64,0.5,iid,betting,50,0.92,0.14253417968750004,0.0,0.2850683593750001
cip-const,64,0.5,iid,betting,100,0.9,0.11387367248535152,0.006677246093749867,0.2344245910644529
cip-const,64,0.5,iid,betting,200,0.905,0.07458549499511719,0.0334622192382813,0.18263320922851567
cip-const,64,0.5,iid,betting,500,0.884,0.04705581665039055,0.07601879882812501,0.1701304321289061
cip-const,64,0.5,iid,betting,1000,0.903,0.030248699188232364,0.07175537109375008,0.1322527694702148
cip-const,64,0.5,iid,betting,2000,0.8975,0.02401459693908703,0.08157958984374991,0.12960878372192397
cip-const,64,0.5,iid,betting,5000,0.8948,0.016485610961913977,0.09004667968750013,0.12301790161132808
cip-const,64,0.5,iid,betting,10000,0.8988,0.011381428527832083,0.0905265624999998,0.11328941955566396
cip-const,64,0.5,adaptive,hoeffding,50,0.9604183436371386,0.49509071045660724,-0.45550905409374587,0.5346723668194686
cip-const,64,0.5,adaptive,hoeffding,100,0.9113861955422908,0.3697340484969811,-0.28112024403927194,0.45834785295469027
cip-const,64,0.5,adaptive,hoeffding,200,0.9017962003592401,0.274635328613893,-0.17643152897313308,0.3728391282546528
cip-const,64,0.5,adaptive,hoeffding,500,0.875183221500367,0.18414610411317237,-0.05932932561353943,0.30896288261280536
cip-const,64,0.5,adaptive,hoeffding,1000,0.8572641849743668,0.13553405443948416,0.007201760586148964,0.27826986946511734
cip-const,64,0.5,adaptive,hoeffding,2000,0.8662174531625351,0.09945869996028617,0.03432384687717871,0.23324124679775116
cip-const,64,0.5,adaptive,hoeffding,5000,0.880066216741933,0.06580888554144937,0.05412489771661766,0.1857426687995164
cip-const,64,0.5,adaptive,hoeffding,10000,0.8913500336137659,0.04802981695136191,0.06062014943487226,0.15667978333759602
cip-const,64,0.5,adaptive,betting,50,0.9604183436371386,0.17408411020937892,0.0,0.34816822041875783
cip-const,64,0.5,adaptive,betting,100,0.9113861955422907,0.14921866765810027,0.0,0.29843733531620054
cip-const,64,0.5,adaptive,betting,200,0.9017962003592408,0.12146053201625778,0.0,0.24292106403251557
cip-const,64,0.5,adaptive,betting,500,0.8751832215003679,0.08609761665713755,0.04463223238227987,0.21682746569655498
cip-const,64,0.5,adaptive,betting,1000,0.8572641849743666,0.0630520209839529,0.08295149684038194,0.20905553880828776
cip-const,64,0.5,adaptive,betting,2000,0.8662174531625355,0.047000721595404416,0.08869880985628886,0.1827002530470977
cip-const,64,0.5,adaptive,betting,5000,0.8800662167419318,0.02825301871695779,0.09220554584975638,0.14871158328367196
cip-const,64,0.5,adaptive,betting,10000,0.8913500336137632,0.0181594202344858,0.09070597173349126,0.12702481220246287
cip-const,32,0.1,iid,hoeffding,50,0.92,0.34656349731962505,-0.26656349731962514,0.42656349731962506
cip-const,32,0.1,iid,hoeffding,100,0.9,0.25881383394788676,-0.15881383394788684,0.3588138339478868
cip-const,32,0.1,iid,hoeffding,200,0.9,0.19224473002972509,-0.09224473002972511,0.29224473002972506
cip-const,32,0.1,iid,hoeffding,500,0.88,0.12890227287922065,-0.00890227287922074,0.24890227287922062
cip-const,32,0.1,iid,hoeffding,1000,0.901,0.09487383810763891,0.0041261618923610355,0.19387383810763892
cip-const,32,0.1,iid,hoeffding,2000,0.897,0.06962108997220032,0.03337891002779969,0.17262108997220027
cip-const,32,0.1,iid,hoeffding,5000,0.8948,0.046066219879014554,0.05913378012098536,0.15126621987901456
cip-const,32,0.1,iid,hoeffding,10000,0.8985,0.03362087186595333,0.06787912813404673,0.13512087186595334
cip-const,32,0.1,iid,betting,50,0.92,0.14253417968750004,0.0,0.2850683593750001
cip-const,32,0.1,iid,betting,100,0.9,0.11387367248535152,0.006677246093749867,0.2344245910644529
cip-const,32,0.1,iid,betting,200,0.9,0.07585754394531247,0.03771362304687509,0.18942871093750002
cip-const,32,0.1,iid,betting,500,0.88,0.04798278808593748,0.07942382812500015,0.1753894042968751
cip-const,32,0.1,iid,betting,1000,0.901,0.02978278732299805,0.07423791503906241,0.1338034896850585
cip-const,32,0.1,iid,betting,2000,0.897,0.023806011199951183,0.0822352905273438,0.12984731292724616
cip-const,32,0.1,iid,betting,5000,0.8948,0.01632403717041009,0.09022646484375008,0.12287453918457025
cip-const,32,0.1,iid,betting,10000,0.8985,0.011387588500976598,0.09084448242187493,0.11361965942382812
cip-const,32,0.1,adaptive,hoeffding,50,0.9296302103996277,0.49509071045660724,-0.42472092085623503,0.5654605000569796
cip-const,32,0.1,adaptive,hoeffding,100,0.9120148247480393,0.3697340484969811,-0.2817488732450204,0.4577192237489418
cip-const,32,0.1,adaptive,hoeffding,200,0.9092532816529274,0.274635328613893,-0.18388861026682046,0.36538204696096566
cip-const,32,0.1,adaptive,hoeffding,500,0.8923168801665307,0.18414610411317237,-0.0764629842797031,0.2918292239466417
cip-const,32,0.1,adaptive,hoeffding,1000,0.8885354908406734,0.13553405443948416,-0.02406954528015759,0.24699856359881078
cip-const,32,0.1,adaptive,hoeffding,2000,0.8841961589902639,0.09945869996028617,0.01634514104944995,0.21526254097002218
cip-const,32,0.1,adaptive,hoeffding,5000,0.8923030168175697,0.06580888554144937,0.04188809764098089,0.17350586872387963
cip-const,32,0.1,adaptive,hoeffding,10000,0.8948932638823986,0.04802981695136191,0.05707691916623947,0.15313655306896323
cip-const,32,0.1,adaptive,betting,50,0.9296302103996279,0.15901312541669532,0.0,0.31802625083339064
cip-const,32,0.1,adaptive,betting,100,0.9120148247480394,0.12231319666043405,0.0,0.2446263933208681
cip-const,32,0.1,adaptive,betting,200,0.9092532816529274,0.0918527532268072,0.0070041314233249,0.1907096378769393
cip-const,32,0.1,adaptive,betting,500,0.8923168801665309,0.05241788484326387,0.06006041671279472,0.16489618639932246
cip-const,32,0.1,adaptive,betting,1000,0.888535490840674,0.038456521654332554,0.0768387918383937,0.1537518351470588
cip-const,32,0.1,adaptive,betting,2000,0.8841961589902646,0.028076653148150388,0.09012842660734022,0.146281732903641
cip-const,32,0.1,adaptive,betting,5000,0.8923030168175698,0.01836657609597314,0.09040671288769275,0.12713986507963904
cip-const,32,0.1,adaptive,betting,10000,0.8948932638824046,0.013251725010444693,0.09243578848185119,0.11893923850274057
cip-const,32,0.2,iid,hoeffding,50,0.92,0.34656349731962505,-0.26656349731962514,0.42656349731962506
cip-const,32,0.2,iid,hoeffding,100,0.9,0.25881383394788676,-0.15881383394788684,0.3588138339478868
cip-const,32,0.2,iid,hoeffding,200,0.9,0.19224473002972509,-0.09224473002972511,0.29224473002972506
cip-const,32,0.2,iid,hoeffding,500,0.88,0.12890227287922065,-0.00890227287922074,0.24890227287922062
cip-const,32,0.2,iid,hoeffding,1000,0.902,0.09487383810763891,0.0031261618923610346,0.19287383810763892
cip-const,32,0.2,iid,hoeffding,2000,0.8975,0.06962108997220032,0.032878910027799746,0.17212108997220033
cip-const,32,0.2,iid,hoeffding,5000,0.895,0.046066219879014554,0.05893378012098538,0.15106621987901458
cip-const,32,0.2,iid,hoeffding,10000,0.8987,0.03362087186595333,0.06767912813404664,0.13492087186595325
cip-const,32,0.2,iid,betting,50,0.92,0.14253417968750004,0.0,0.2850683593750001
cip-const,32,0.2,iid,betting,100,0.9,0.11387367248535152,0.006677246093749867,0.2344245910644529
cip-const,32,0.2,iid,betting,200,0.9,0.07585754394531247,0.03771362304687509,0.18942871093750002
cip-const,32,0.2,iid,betting,500,0.88,0.04798278808593748,0.07942382812500015,0.1753894042968751
cip-const,32,0.2,iid,betting,1000,0.902,0.029324623107910175,0.07369738769531242,0.13234663391113277
cip-const,32,0.2,iid,betting,2000,0.8975,0.023639669418334952,0.08190490722656252,0.12918424606323242
cip-const,32,0.2,iid,betting,5000,0.895,0.01623855590820311,0.09011260986328118,0.1225897216796874
cip-const,32,0.2,iid,betting,10000,0.8987,0.01132251663208006,0.09070875854492189,0.113353791809082
cip-const,32,0.2,adaptive,hoeffding,50,0.9194265735149384,0.49509071045660724,-0.41451728397154564,0.5756641369416688
cip-const,32,0.2,adaptive,hoeffding,100,0.8981459021568299,0.3697340484969811,-0.267879950653811,0.4715881463401512
cip-const,32,0.2,adaptive,hoeffding,200,0.9069849413633346,0.274635328613893,-0.18162026997722758,0.3676503872505583
cip-const,32,0.2,adaptive,hoeffding,500,0.8930812485218048,0.18414610411317237,-0.07722735263497715,0.2910648555913675
cip-const,32,0.2,adaptive,hoeffding,1000,0.8915102673172951,0.13553405443948416,-0.027044321756779288,0.24402378712218908
cip-const,32,0.2,adaptive,hoeffding,2000,0.8832358362972736,0.09945869996028617,0.01730546374244013,0.21622286366301258
cip-const,32,0.2,adaptive,hoeffding,5000,0.8898811667472124,0.06580888554144937,0.04430994771133823,0.17592771879423696
cip-const,32,0.2,adaptive,hoeffding,10000,0.8922084578037262,0.04802981695136191,0.05976172524491197,0.15582135914763573
cip-const,32,0.2,adaptive,betting,50,0.9194265735149381,0.16790456947389443,0.0,0.33580913894778885
cip-const,32,0.2,adaptive,betting,100,0.8981459021568299,0.1312087062524369,0.0,0.2624174125048738
cip-const,32,0.2,adaptive,betting,200,0.9069849413633345,0.09250083510050178,0.009304629674648845,0.1943062998756524
cip-const,32,0.2,adaptive,betting,500,0.8930812485218045,0.055843652639415375,0.0545512501974027,0.16623855547623345
cip-const,32,0.2,adaptive,betting,1000,0.8915102673172963,0.04171341247125365,0.06981798555199314,0.15324481049450045
cip-const,32,0.2,adaptive,betting,2000,0.8832358362972743,0.030304927553734817,0.08790637814964397,0.1485162332571136
cip-const,32,0.2,adaptive,betting,5000,0.889881166747215,0.020362216853763493,0.09048182404413552,0.1312062577516625
cip-const,32,0.2,adaptive,betting,10000,0.8922084578037291,0.014808284922828208,0.09339544744559392,0.12301201729125033
cip-const,32,0.5,iid,hoeffding,50,0.92,0.34656349731962505,-0.26656349731962514,0.42656349731962506
cip-const,32,0.5,iid,hoeffding,100,0.9,0.25881383394788676,-0.15881383394788684,0.3588138339478868
cip-const,32,0.5,iid,hoeffding,200,0.905,0.19224473002972509,-0.097244730029725,0.28724473002972506
cip-const,32,0.5,iid,hoeffding,500,0.886,0.12890227287922065,-0.014902272879220746,0.24290227287922062
cip-const,32,0.5,iid,hoeffding,1000,0.905,0.09487383810763891,0.00012616189236103192,0.18987383810763891
cip-const,32,0.5,iid,hoeffding,2000,0.8985,0.06962108997220032,0.031878910027799745,0.17112108997220032
cip-const,32,0.5,iid,hoeffding,5000,0.8956,0.046066219879014554,0.058333780120985446,0.15046621987901465
cip-const,32,0.5,iid,hoeffding,10000,0.8991,0.03362087186595333,0.06727912813404668,0.1345208718659533
cip-const,32,0.5,iid,betting,50,0.92,0.14253417968750004,0.0,0.2850683593750001
cip-const,32,0.5,iid,betting,100,0.9,0.11387367248535152,0.006677246093749867,0.2344245910644529
cip-const,32,0.5,iid,betting,200,0.905,0.07458549499511719,0.0334622192382813,0.18263320922851567
cip-const,32,0.5,iid,betting,500,0.886,0.047107566833496095,0.07419323730468752,0.1684083709716797
cip-const,32,0.5,iid,betting,1000,0.905,0.030033664703369156,0.07001495361328136,0.13008228302001967
cip-const,32,0.5,iid,betting,2000,0.8985,0.02401140975952143,0.08055447387695325,0.1285772933959961
cip-const,32,0.5,iid,betting,5000,0.8956,0.016464593505859326,0.08920898437500013,0.12213817138671879
cip-const,32,0.5,iid,betting,10000,0.8991,0.011526494979858415,0.09003649902343758,0.11308948898315441
cip-const,32,0.5,adaptive,hoeffding,50,0.8326736836135388,0.49509071045660724,-0.327764394070146,0.6624170268430685
cip-const,32,0.5,adaptive,hoeffding,100,0.8435123359411955,0.3697340484969811,-0.21324638443817667,0.5262217125557856
cip-const,32,0.5,adaptive,hoeffding,200,0.8794988821819425,0.274635328613893,-0.15413421079583545,0.39513644643195045
cip-const,32,0.5,adaptive,hoeffding,500,0.892277657225728,0.18414610411317237,-0.0764237613389005,0.2918684468874443
cip-const,32,0.5,adaptive,hoeffding,1000,0.8763769823014737,0.13553405443948416,-0.011911036740957837,0.25915707213801054
cip-const,32,0.5,adaptive,hoeffding,2000,0.8721261345231905,0.09945869996028617,0.028415165516523233,0.22733256543709568
cip-const,32,0.5,adaptive,hoeffding,5000,0.8846852904047817,0.06580888554144937,0.04950582405376891,0.18112359513666765
cip-const,32,0.5,adaptive,hoeffding,10000,0.892597011104785,0.04802981695136191,0.059373171943853165,0.15543280584657693
cip-const,32,0.5,adaptive,betting,50,0.8326736836135389,0.22592132009781718,0.0,0.45184264019563436
cip-const,32,0.5,adaptive,betting,100,0.8435123359411958,0.16729812054834037,0.0,0.33459624109668074
cip-const,32,0.5,adaptive,betting,200,0.8794988821819423,0.11509163104355297,0.0067505385588712,0.23693380064597713
cip-const,32,0.5,adaptive,betting,500,0.8922776572257282,0.07299578529382955,0.033795372401697055,0.17978694298935616
cip-const,32,0.5,adaptive,betting,1000,0.876376982301474,0.05292425219519081,0.07035499265399092,0.17620349704437255
cip-const,32,0.5,adaptive,betting,2000,0.8721261345231889,0.03944545492774293,0.08861295483717702,0.16750386469266287
cip-const,32,0.5,adaptive,betting,5000,0.884685290404781,0.024968100574963237,0.09050056846487398,0.14043676961480045
cip-const,32,0.5,adaptive,betting,10000,0.8925970111047867,0.01691978199914862,0.0905883617847486,0.12442792578304585
vbp,512,0.1,iid,hoeffding,50,0.0,0.34656349731962505,0.653436502680375,1.0
vbp,512,0.1,iid,hoeffding,100,0.0,0.25881383394788676,0.7411861660521133,1.0
vbp,512,0.1,iid,hoeffding,200,0.0,0.19224473002972509,0.8077552699702749,1.0
vbp,512,0.1,iid,hoeffding,500,0.0,0.12890227287922065,0.8710977271207794,1.0
vbp,512,0.1,iid,hoeffding,1000,0.0,0.09487383810763891,0.9051261618923611,1.0
vbp,512,0.1,iid,hoeffding,2000,0.0,0.06962108997220032,0.9303789100277997,1.0
vbp,512,0.1,iid,hoeffding,5000,0.0,0.046066219879014554,0.9539337801209854,1.0
vbp,512,0.1,iid,hoeffding,10000,0.0,0.03362087186595333,0.9663791281340467,1.0
vbp,512,0.1,iid,betting,50,0.0,0.06363296508789062,0.8727340698242188,1.0
vbp,512,0.1,iid,betting,100,0.0,0.031154632568359375,0.9376907348632812,1.0
vbp,512,0.1,iid,betting,200,0.0,0.01541900634765625,0.9691619873046875,1.0
vbp,512,0.1,iid,betting,500,0.0,0.006130218505859375,0.9877395629882812,1.0
vbp,512,0.1,iid,betting,1000,0.0,0.00305938720703125,0.9938812255859375,1.0
vbp,512,0.1,iid,betting,2000,0.0,0.001529693603515625,0.9969406127929688,1.0
vbp,512,0.1,iid,betting,5000,0.0,0.000614166259765625,0.9987716674804688,1.0
vbp,512,0.1,iid,betting,10000,0.0,0.0,1.0,1.0
vbp,512,0.1,adaptive,hoeffding,50,0.0,0.49509071045660724,0.5049092895433928,1.0
vbp,512,0.1,adaptive,hoeffding,100,0.0,0.3697340484969811,0.6302659515030189,1.0
vbp,512,0.1,adaptive,hoeffding,200,0.0,0.274635328613893,0.725364671386107,1.0
vbp,512,0.1,adaptive,hoeffding,500,0.0,0.18414610411317237,0.8158538958868277,1.0
vbp,512,0.1,adaptive,hoeffding,1000,0.0,0.13553405443948416,0.8644659455605158,1.0
vbp,512,0.1,adaptive,hoeffding,2000,0.0,0.09945869996028617,0.9005413000397138,1.0
vbp,512,0.1,adaptive,hoeffding,5000,0.0,0.06580888554144937,0.9341911144585506,1.0
vbp,512,0.1,adaptive,hoeffding,10000,0.0,0.04802981695136191,0.9519701830486381,1.0
vbp,512,0.1,adaptive,betting,50,0.0,0.09090423583984375,0.8181915283203125,1.0
vbp,512,0.1,adaptive,betting,100,0.0,0.044506617954799106,0.9109867640904018,1.0
vbp,512,0.1,adaptive,betting,200,0.0,0.022027151925223216,0.9559456961495536,1.0
vbp,512,0.1,adaptive,betting,500,0.0,0.008757455008370536,0.9824850899832589,1.0
vbp,512,0.1,adaptive,betting,1000,0.0,0.004370553152901786,0.9912588936941964,1.0
vbp,512,0.1,adaptive,betting,2000,0.0,0.002185276576450893,0.9956294468470982,1.0
vbp,512,0.1,adaptive,betting,5000,0.0,0.00087738037109375,0.9982452392578125,1.0
vbp,512,0.1,adaptive,betting,10000,0.0,0.0,1.0,1.0
vbp,512,0.2,iid,hoeffding,50,0.0,0.34656349731962505,0.653436502680375,1.0
vbp,512,0.2,iid,hoeffding,100,0.0,0.25881383394788676,0.7411861660521133,1.0
vbp,512,0.2,iid,hoeffding,200,0.0,0.19224473002972509,0.8077552699702749,1.0
vbp,512,0.2,iid,hoeffding,500,0.0,0.12890227287922065,0.8710977271207794,1.0
vbp,512,0.2,iid,hoeffding,1000,0.0,0.09487383810763891,0.9051261618923611,1.0
vbp,512,0.2,iid,hoeffding,2000,0.0,0.06962108997220032,0.9303789100277997,1.0
vbp,512,0.2,iid,hoeffding,5000,0.0,0.046066219879014554,0.9539337801209854,1.0
vbp,512,0.2,iid,hoeffding,10000,0.0,0.03362087186595333,0.9663791281340467,1.0
vbp,512,0.2,iid,betting,50,0.0,0.06363296508789062,0.8727340698242188,1.0
vbp,512,0.2,iid,betting,100,0.0,0.031154632568359375,0.9376907348632812,1.0
vbp,512,0.2,iid,betting,200,0.0,0.01541900634765625,0.9691619873046875,1.0
vbp,512,0.2,iid,betting,500,0.0,0.006130218505859375,0.9877395629882812,1.0
vbp,512,0.2,iid,betting,1000,0.0,0.00305938720703125,0.9938812255859375,1.0
vbp,512,0.2,iid,betting,2000,0.0,0.001529693603515625,0.9969406127929688,1.0
vbp,512,0.2,iid,betting,5000,0.0,0.000614166259765625,0.9987716674804688,1.0
vbp,512,0.2,iid,betting,10000,0.0,0.0,1.0,1.0
vbp,512,0.2,adaptive,hoeffding,50,0.0,0.49509071045660724,0.5049092895433928,1.0
vbp,512,0.2,adaptive,hoeffding,100,0.0,0.3697340484969811,0.6302659515030189,1.0
vbp,512,0.2,adaptive,hoeffding,200,0.0,0.274635328613893,0.725364671386107,1.0
vbp,512,0.2,adaptive,hoeffding,500,0.0,0.18414610411317237,0.8158538958868277,1.0
vbp,512,0.2,adaptive,hoeffding,1000,0.0,0.13553405443948416,0.8644659455605158,1.0
vbp,512,0.2,adaptive,hoeffding,2000,0.0,0.09945869996028617,0.9005413000397138,1.0
vbp,512,0.2,adaptive,hoeffding,5000,0.0,0.06580888554144937,0.9341911144585506,1.0
vbp,512,0.2,adaptive,hoeffding,10000,0.0,0.04802981695136191,0.9519701830486381,1.0
vbp,512,0.2,adaptive,betting,50,0.0,0.09090423583984375,0.8181915283203125,1.0
vbp,512,0.2,adaptive,betting,100,0.0,0.044506617954799106,0.9109867640904018,1.0
vbp,512,0.2,adaptive,betting,200,0.0,0.022027151925223216,0.9559456961495536,1.0
vbp,512,0.2,adaptive,betting,500,0.0,0.008757455008370536,0.9824850899832589,1.0
vbp,512,0.2,adaptive,betting,1000,0.0,0.004370553152901786,0.9912588936941964,1.0
vbp,512,0.2,adaptive,betting,2000,0.0,0.002185276576450893,0.9956294468470982,1.0
vbp,512,0.2,adaptive,betting,5000,0.0,0.00087738037109375,0.9982452392578125,1.0
vbp,512,0.2,adaptive,betting,10000,0.0,0.0,1.0,1.0
vbp,512,0.5,iid,hoeffding,50,0.0,0.34656349731962505,0.653436502680375,1.0
vbp,512,0.5,iid,hoeffding,100,0.0,0.25881383394788676,0.7411861660521133,1.0
vbp,512,0.5,iid,hoeffding,200,0.0,0.19224473002972509,0.8077552699702749,1.0
vbp,512,0.5,iid,hoeffding,500,0.0,0.12890227287922065,0.8710977271207794,1.0
vbp,512,0.5,iid,hoeffding,1000,0.0,0.09487383810763891,0.9051261618923611,1.0
vbp,512,0.5,iid,hoeffding,2000,0.0,0.06962108997220032,0.9303789100277997,1.0
vbp,512,0.5,iid,hoeffding,5000,0.0,0.046066219879014554,0.9539337801209854,1.0
vbp,512,0.5,iid,hoeffding,10000,0.0,0.03362087186595333,0.9663791281340467,1.0
vbp,512,0.5,iid,betting,50,0.0,0.06363296508789062,0.8727340698242188,1.0
vbp,512,0.5,iid,betting,100,0.0,0.031154632568359375,0.9376907348632812,1.0
vbp,512,0.5,iid,betting,200,0.0,0.01541900634765625,0.9691619873046875,1.0
vbp,512,0.5,iid,betting,500,0.0,0.006130218505859375,0.9877395629882812,1.0
vbp,512,0.5,iid,betting,1000,0.0,0.00305938720703125,0.9938812255859375,1.0
vbp,512,0.5,iid,betting,2000,0.0,0.001529693603515625,0.9969406127929688,1.0
vbp,512,0.5,iid,betting,5000,0.0,0.000614166259765625,0.9987716674804688,1.0
vbp,512,0.5,iid,betting,10000,0.0,0.0,1.0,1.0
vbp,512,0.5,adaptive,hoeffding,50,0.0,0.49509071045660724,0.5049092895433928,1.0
vbp,512,0.5,adaptive,hoeffding,100,0.0,0.3697340484969811,0.6302659515030189,1.0
vbp,512,0.5,adaptive,hoeffding,200,0.0,0.274635328613893,0.725364671386107,1.0
vbp,512,0.5,adaptive,hoeffding,500,0.0,0.18414610411317237,0.8158538958868277,1.0
vbp,512,0.5,adaptive,hoeffding,1000,0.0,0.13553405443948416,0.8644659455605158,1.0
vbp,512,0.5,adaptive,hoeffding,2000,0.0,0.09945869996028617,0.9005413000397138,1.0
vbp,512,0.5,adaptive,hoeffding,5000,0.0,0.06580888554144937,0.9341911144585506,1.0
vbp,512,0.5,adaptive,hoeffding,10000,0.0,0.04802981695136191,0.9519701830486381,1.0
vbp,512,0.5,adaptive,betting,50,0.0,0.09090423583984375,0.8181915283203125,1.0
vbp,512,0.5,adaptive,betting,100,0.0,0.044506617954799106,0.9109867640904018,1.0
vbp,512,0.5,adaptive,betting,200,0.0,0.022027151925223216,0.9559456961495536,1.0
vbp,512,0.5,adaptive,betting,500,0.0,0.008757455008370536,0.9824850899832589,1.0
vbp,512,0.5,adaptive,betting,1000,0.0,0.004370553152901786,0.9912588936941964,1.0
vbp,512,0.5,adaptive,betting,2000,0.0,0.002185276576450893,0.9956294468470982,1.0
vbp,512,0.5,adaptive,betting,5000,0.0,0.00087738037109375,0.9982452392578125,1.0
vbp,512,0.5,adaptive,betting,10000,0.0,0.0,1.0,1.0
vbp,384,0.1,iid,hoeffding,50,0.0,0.34656349731962505,0.653436502680375,1.0
vbp,384,0.1,iid,hoeffding,100,0.0,0.25881383394788676,0.7411861660521133,1.0
vbp,384,0.1,iid,hoeffding,200,0.0,0.19224473002972509,0.8077552699702749,1.0
vbp,384,0.1,iid,hoeffding,500,0.004,0.12890227287922065,0.8670977271207794,1.0
vbp,384,0.1,iid,hoeffding,1000,0.003,0.09487383810763891,0.9021261618923611,1.0
vbp,384,0.1,iid,hoeffding,2000,0.003,0.06962108997220032,0.9273789100277997,1.0
vbp,384,0.1,iid,hoeffding,5000,0.0038,0.046066219879014554,0.9501337801209855,1.0
vbp,384,0.1,iid,hoeffding,10000,0.0033,0.03362087186595333,0.9630791281340467,1.0
vbp,384,0.1,iid,betting,50,0.0,0.06363296508789062,0.8727340698242188,1.0
vbp,384,0.1,iid,betting,100,0.0,0.031154632568359375,0.9376907348632812,1.0
vbp,384,0.1,iid,betting,200,0.0,0.01541900634765625,0.9691619873046875,1.0
vbp,384,0.1,iid,betting,500,0.004,0.009667266845703126,0.9806654663085937,1.0
vbp,384,0.1,iid,betting,1000,0.003,0.006044887542724611,0.9879102249145508,1.0
vbp,384,0.1,iid,betting,2000,0.003,0.004348636627197266,0.9913027267456055,1.0
vbp,384,0.1,iid,betting,5000,0.0038,0.0029459220886230465,0.9927722183227539,0.9986640625
vbp,384,0.1,iid,betting,10000,0.0033,0.0019266353607177737,0.9943807136535645,0.998233984375
vbp,384,0.1,adaptive,hoeffding,50,0.0,0.49509071045660724,0.5049092895433928,1.0
vbp,384,0.1,adaptive,hoeffding,100,0.0,0.3697340484969811,0.6302659515030189,1.0
vbp,384,0.1,adaptive,hoeffding,200,0.0,0.274635328613893,0.725364671386107,1.0
vbp,384,0.1,adaptive,hoeffding,500,0.007353213906288147,0.18414610411317237,0.8085006819805395,1.0
vbp,384,0.1,adaptive,hoeffding,1000,0.004607069790363311,0.13553405443948416,0.8598588757701525,1.0
vbp,384,0.1,adaptive,hoeffding,2000,0.0042421695254743095,0.09945869996028617,0.8962991305142395,1.0
vbp,384,0.1,adaptive,hoeffding,5000,0.003587220923602581,0.06580888554144937,0.9306038935349481,1.0
vbp,384,0.1,adaptive,hoeffding,10000,0.0028656207021325827,0.04802981695136191,0.9491045623465055,1.0
vbp,384,0.1,adaptive,betting,50,0.0,0.09090423583984375,0.8181915283203125,1.0
vbp,384,0.1,adaptive,betting,100,0.0,0.044506617954799106,0.9109867640904018,1.0
vbp,384,0.1,adaptive,betting,200,0.0,0.022027151925223216,0.9559456961495536,1.0
vbp,384,0.1,adaptive,betting,500,0.007353213906288146,0.01687257990882855,0.9662548401823429,1.0
vbp,384,0.1,adaptive,betting,1000,0.004607069790363312,0.008604646712297576,0.9827907065754049,1.0
vbp,384,0.1,adaptive,betting,2000,0.00424216952547431,0.005745152510935288,0.9885096949781295,1.0
vbp,384,0.1,adaptive,betting,5000,0.0035872209236025815,0.00353309313715264,0.9929338137256947,1.0
vbp,384,0.1,adaptive,betting,10000,0.0028656207021325823,0.00248790574415804,0.995024188511684,1.0
vbp,384,0.2,iid,hoeffding,50,0.0,0.34656349731962505,0.653436502680375,1.0
vbp,384,0.2,iid,hoeffding,100,0.0,0.25881383394788676,0.7411861660521133,1.0
vbp,384,0.2,iid,hoeffding,200,0.005,0.19224473002972509,0.8027552699702749,1.0
vbp,384,0.2,iid,hoeffding,500,0.004,0.12890227287922065,0.8670977271207794,1.0
vbp,384,0.2,iid,hoeffding,1000,0.005,0.09487383810763891,0.900126161892361,1.0
vbp,384,0.2,iid,hoeffding,2000,0.005,0.06962108997220032,0.9253789100277997,1.0
vbp,384,0.2,iid,hoeffding,5000,0.0062,0.046066219879014554,0.9477337801209854,1.0
vbp,384,0.2,iid,hoeffding,10000,0.0079,0.03362087186595333,0.9584791281340467,1.0
vbp,384,0.2,iid,betting,50,0.0,0.06363296508789062,0.8727340698242188,1.0
vbp,384,0.2,iid,betting,100,0.0,0.031154632568359375,0.9376907348632812,1.0
vbp,384,0.2,iid,betting,200,0.005,0.02212717056274414,0.9557456588745117,1.0
vbp,384,0.2,iid,betting,500,0.004,0.011582183837890628,0.9768356323242188,1.0
vbp,384,0.2,iid,betting,1000,0.005,0.008512268066406248,0.9829754638671875,1.0
vbp,384,0.2,iid,betting,2000,0.005,0.006322193145751954,0.9873556137084961,1.0
vbp,384,0.2,iid,betting,5000,0.0062,0.003910321807861328,0.9890611923217774,0.9968818359375
vbp,384,0.2,iid,betting,10000,0.0079,0.0028955787658691418,0.9887544479370117,0.99454560546875
vbp,384,0.2,adaptive,hoeffding,50,0.0020096482336521147,0.49509071045660724,0.5028996413097406,1.0
vbp,384,0.2,adaptive,hoeffding,100,0.0010048241168260574,0.3697340484969811,0.6292611273861928,1.0
vbp,384,0.2,adaptive,hoeffding,200,0.0019804393127560616,0.274635328613893,0.723384232073351,1.0
vbp,384,0.2,adaptive,hoeffding,500,0.0038517322987318037,0.18414610411317237,0.8120021635880958,1.0
vbp,384,0.2,adaptive,hoeffding,1000,0.004730197466909885,0.13553405443948416,0.859735748093606,1.0
vbp,384,0.2,adaptive,hoeffding,2000,0.00754097218438983,0.09945869996028617,0.893000327855324,1.0
vbp,384,0.2,adaptive,hoeffding,5000,0.008524618693868979,0.06580888554144937,0.9256664957646816,1.0
vbp,384,0.2,adaptive,hoeffding,10000,0.009513538908747432,0.04802981695136191,0.9424566441398906,1.0
vbp,384,0.2,adaptive,betting,50,0.0020096482336521147,0.09193899521913716,0.8161220095617256,1.0
vbp,384,0.2,adaptive,betting,100,0.0010048241168260574,0.04503762816570421,0.9099247436685916,1.0
vbp,384,0.2,adaptive,betting,200,0.0019804393127560616,0.02337866009297081,0.9532426798140584,1.0
vbp,384,0.2,adaptive,betting,500,0.0038517322987318033,0.013763022439351305,0.9724739551212974,1.0
vbp,384,0.2,adaptive,betting,1000,0.004730197466909885,0.009551003994499555,0.9808979920110009,1.0
vbp,384,0.2,adaptive,betting,2000,0.007540972184389829,0.008898563834741524,0.982202872330517,1.0
vbp,384,0.2,adaptive,betting,5000,0.008524618693868979,0.005004877162808081,0.9853866185867769,0.995396372912393
vbp,384,0.2,adaptive,betting,10000,0.009513538908747432,0.003555823327345283,0.9861991463000964,0.993310792954787
vbp,384,0.5,iid,hoeffding,50,0.14,0.34656349731962505,0.5134365026803749,1.0
vbp,384,0.5,iid,hoeffding,100,0.11,0.25881383394788676,0.6311861660521132,1.0
vbp,384,0.5,iid,hoeffding,200,0.095,0.19224473002972509,0.7127552699702749,1.0
vbp,384,0.5,iid,hoeffding,500,0.086,0.12890227287922065,0.7850977271207793,1.0
vbp,384,0.5,iid,hoeffding,1000,0.104,0.09487383810763891,0.8011261618923611,0.990873838107639
vbp,384,0.5,iid,hoeffding,2000,0.1065,0.06962108997220032,0.8238789100277997,0.9631210899722004
vbp,384,0.5,iid,hoeffding,5000,0.1038,0.046066219879014554,0.8501337801209854,0.9422662198790146
vbp,384,0.5,iid,hoeffding,10000,0.1035,0.03362087186595333,0.8628791281340467,0.9301208718659534
vbp,384,0.5,iid,betting,50,0.14,0.19038963317871094,0.6192207336425781,1.0
vbp,384,0.5,iid,betting,100,0.11,0.11745407104492187,0.7504757690429688,0.9853839111328125
vbp,384,0.5,iid,betting,200,0.095,0.07003986358642579,0.8258318328857421,0.9659115600585937
vbp,384,0.5,iid,betting,500,0.086,0.0369808578491211,0.8764350128173828,0.950396728515625
vbp,384,0.5,iid,betting,1000,0.104,0.026581542968750024,0.870830078125,0.9239931640625
vbp,384,0.5,iid,betting,2000,0.1065,0.02010277175903319,0.8741537399291992,0.9143592834472656
vbp,384,0.5,iid,betting,5000,0.1038,0.013974597930908217,0.8825182357788086,0.910467431640625
vbp,384,0.5,iid,betting,10000,0.1035,0.010390399932861331,0.8861993331909179,0.9069801330566406
vbp,384,0.5,adaptive,hoeffding,50,0.08571416149606344,0.49509071045660724,0.4191951280473293,1.0
vbp,384,0.5,adaptive,hoeffding,100,0.08580363831600823,0.3697340484969811,0.5444623131870107,1.0
vbp,384,0.5,adaptive,hoeffding,200,0.08580098973549621,0.274635328613893,0.6395636816506107,1.0
vbp,384,0.5,adaptive,hoeffding,500,0.08860638701052584,0.18414610411317237,0.7272475088763017,1.0
vbp,384,0.5,adaptive,hoeffding,1000,0.0928742595914181,0.13553405443948416,0.7715916859690978,1.0
vbp,384,0.5,adaptive,hoeffding,2000,0.10499501419076797,0.09945869996028617,0.7955462858489459,0.9944636857695182
vbp,384,0.5,adaptive,hoeffding,5000,0.10548572553908063,0.06580888554144937,0.82870538891947,0.9603231600023687
vbp,384,0.5,adaptive,hoeffding,10000,0.10864434772003649,0.04802981695136191,0.8433258353286016,0.9393854692313254
vbp,384,0.5,adaptive,betting,50,0.08571416013367157,0.17332442538025603,0.6533511492394879,1.0
vbp,384,0.5,adaptive,betting,100,0.08580363695361634,0.1254110637289586,0.7491778725420828,1.0
vbp,384,0.5,adaptive,betting,200,0.08580098820280534,0.08935214984556171,0.8093975163979407,0.9881018160890641
vbp,384,0.5,adaptive,betting,500,0.08860638564813395,0.05210983172954698,0.8499628744308603,0.9541825378899542
vbp,384,0.5,adaptive,betting,1000,0.09287425819496639,0.036957531573860114,0.8632655686078573,0.9371806317555775
vbp,384,0.5,adaptive,betting,2000,0.10499501250480801,0.029315493545239553,0.8624689522430661,0.9210999393335452
vbp,384,0.5,adaptive,betting,5000,0.105485723795219,0.02001246064789794,0.8729931372690596,0.9130180585648554
vbp,384,0.5,adaptive,betting,10000,0.10864434587058949,0.014820169315657182,0.8757467752064804,0.9053871138377947
vbp,256,0.1,iid,hoeffding,50,0.0,0.34656349731962505,0.653436502680375,1.0
vbp,256,0.1,iid,hoeffding,100,0.0,0.25881383394788676,0.7411861660521133,1.0
vbp,256,0.1,iid,hoeffding,200,0.015,0.19224473002972509,0.7927552699702749,1.0
vbp,256,0.1,iid,hoeffding,500,0.01,0.12890227287922065,0.8610977271207794,1.0
vbp,256,0.1,iid,hoeffding,1000,0.011,0.09487383810763891,0.894126161892361,1.0
vbp,256,0.1,iid,hoeffding,2000,0.009,0.06962108997220032,0.9213789100277997,1.0
vbp,256,0.1,iid,hoeffding,5000,0.0092,0.046066219879014554,0.9447337801209854,1.0
vbp,256,0.1,iid,hoeffding,10000,0.0098,0.03362087186595333,0.9565791281340467,1.0
vbp,256,0.1,iid,betting,50,0.0,0.06363296508789062,0.8727340698242188,1.0
vbp,256,0.1,iid,betting,100,0.0,0.031154632568359375,0.9376907348632812,1.0
vbp,256,0.1,iid,betting,200,0.015,0.030255279541015628,0.9394894409179687,1.0
vbp,256,0.1,iid,betting,500,0.01,0.015608329772949216,0.9687833404541015,1.0
vbp,256,0.1,iid,betting,1000,0.011,0.011725807189941406,0.9754634246826172,0.9989150390625
vbp,256,0.1,iid,betting,2000,0.009,0.007402137756347656,0.9823656463623047,0.997169921875
vbp,256,0.1,iid,betting,5000,0.0092,0.004526522827148437,0.9854934387207032,0.994546484375
vbp,256,0.1,iid,betting,10000,0.0098,0.0032924690246582044,0.9864000228881836,0.9929849609375
vbp,256,0.1,adaptive,hoeffding,50,0.017212151288986205,0.49509071045660724,0.4876971382544065,1.0
vbp,256,0.1,adaptive,hoeffding,100,0.018102638125419616,0.3697340484969811,0.6121633133775992,1.0
vbp,256,0.1,adaptive,hoeffding,200,0.01848259299993515,0.274635328613893,0.7068820783861718,1.0
vbp,256,0.1,adaptive,hoeffding,500,0.014333970308303834,0.18414610411317237,0.8015199255785238,1.0
vbp,256,0.1,adaptive,hoeffding,1000,0.015627963840961455,0.13553405443948416,0.8488379817195544,1.0
vbp,256,0.1,adaptive,hoeffding,2000,0.01755732128024101,0.09945869996028617,0.8829839787594729,1.0
vbp,256,0.1,adaptive,hoeffding,5000,0.014184677305817604,0.06580888554144937,0.920006437152733,1.0
vbp,256,0.1,adaptive,hoeffding,10000,0.012430360662564635,0.04802981695136191,0.9395398223860735,1.0
vbp,256,0.1,adaptive,betting,50,0.017212151288986205,0.10811147024720802,0.783777059505584,1.0
vbp,256,0.1,adaptive,betting,100,0.018102638125419616,0.06463738273037994,0.8707252345392401,1.0
vbp,256,0.1,adaptive,betting,200,0.018482592999935148,0.04073570465835035,0.9185285906832993,1.0
vbp,256,0.1,adaptive,betting,500,0.014333970308303828,0.023659157051698194,0.9526816858966036,1.0
vbp,256,0.1,adaptive,betting,1000,0.01562796384096146,0.017211192764960977,0.9633188853211891,0.9977412708511111
vbp,256,0.1,adaptive,betting,2000,0.01755732128024101,0.012095453108379627,0.9682649322956371,0.9924558385123965
vbp,256,0.1,adaptive,betting,5000,0.014184677305817602,0.00645328428727777,0.9783803825725546,0.9912869511471101
vbp,256,0.1,adaptive,betting,10000,0.012430360662564628,0.004070880486957092,0.9830210294925438,0.9911627904664579
vbp,256,0.2,iid,hoeffding,50,0.04,0.34656349731962505,0.613436502680375,1.0
vbp,256,0.2,iid,hoeffding,100,0.04,0.25881383394788676,0.7011861660521133,1.0
vbp,256,0.2,iid,hoeffding,200,0.035,0.19224473002972509,0.7727552699702749,1.0
vbp,256,0.2,iid,hoeffding,500,0.026,0.12890227287922065,0.8450977271207794,1.0
vbp,256,0.2,iid,hoeffding,1000,0.028,0.09487383810763891,0.8771261618923611,1.0
vbp,256,0.2,iid,hoeffding,2000,0.0255,0.06962108997220032,0.9048789100277996,1.0
vbp,256,0.2,iid,hoeffding,5000,0.0302,0.046066219879014554,0.9237337801209855,1.0
vbp,256,0.2,iid,hoeffding,10000,0.0308,0.03362087186595333,0.9355791281340466,1.0
vbp,256,0.2,iid,betting,50,0.04,0.10574829101562502,0.78850341796875,1.0
vbp,256,0.2,iid,betting,100,0.04,0.07351440429687503,0.8529711914062499,1.0
vbp,256,0.2,iid,betting,200,0.035,0.050593833923339854,0.8988123321533203,1.0
vbp,256,0.2,iid,betting,500,0.026,0.02734842681884765,0.9405677947998047,0.9952646484375
vbp,256,0.2,iid,betting,1000,0.028,0.019292343139648442,0.9488850402832031,0.9874697265625
vbp,256,0.2,iid,betting,2000,0.0255,0.01298092269897461,0.9589909133911133,0.9849527587890625
vbp,256,0.2,iid,betting,5000,0.0302,0.009053606414794923,0.9595672012329102,0.9776744140625
vbp,256,0.2,iid,betting,10000,0.0308,0.006705580139160155,0.9618721405029297,0.97528330078125
vbp,256,0.2,adaptive,hoeffding,50,0.0840915596485138,0.49509071045660724,0.420817729894879,1.0
vbp,256,0.2,adaptive,hoeffding,100,0.061347898244857785,0.3697340484969811,0.5689180532581611,1.0
vbp,256,0.2,adaptive,hoeffding,200,0.05184629857540131,0.274635328613893,0.6735183728107057,1.0
vbp,256,0.2,adaptive,hoeffding,500,0.03810443980991841,0.18414610411317237,0.7777494560769093,1.0
vbp,256,0.2,adaptive,hoeffding,1000,0.034988556360825894,0.13553405443948416,0.8294773891996899,1.0
vbp,256,0.2,adaptive,hoeffding,2000,0.032191933057270944,0.09945869996028617,0.8683493669824429,1.0
vbp,256,0.2,adaptive,hoeffding,5000,0.028483634448144585,0.06580888554144937,0.905707480010406,1.0
vbp,256,0.2,adaptive,hoeffding,10000,0.030435316220251845,0.04802981695136191,0.9215348668283863,1.0
vbp,256,0.2,adaptive,betting,50,0.0840915596485138,0.17484537564190306,0.6503092487161939,1.0
vbp,256,0.2,adaptive,betting,100,0.06134789824485779,0.10267974768996675,0.7946405046200665,1.0
vbp,256,0.2,adaptive,betting,200,0.0518462985754013,0.07118307196495348,0.857633856070093,1.0
vbp,256,0.2,adaptive,betting,500,0.03810443980991841,0.03596364123828384,0.9192815320692397,0.9912088145458074
vbp,256,0.2,adaptive,betting,1000,0.03498855636082589,0.023510124477020188,0.937569752101885,0.9845900010559253
vbp,256,0.2,adaptive,betting,2000,0.03219193305727094,0.015355650466946006,0.9497503334458991,0.9804616343797912
vbp,256,0.2,adaptive,betting,5000,0.02848363444814459,0.008870254643290082,0.9614113617887281,0.9791518710753082
vbp,256,0.2,adaptive,betting,10000,0.03043531622025183,0.0070313787773690906,0.9617138218207449,0.9757765793754831
vbp,256,0.5,iid,hoeffding,50,0.32,0.34656349731962505,0.33343650268037495,1.0
vbp,256,0.5,iid,hoeffding,100,0.36,0.25881383394788676,0.3811861660521132,0.8988138339478868
vbp,256,0.5,iid,hoeffding,200,0.325,0.19224473002972509,0.48275526997027485,0.867244730029725
vbp,256,0.5,iid,hoeffding,500,0.32,0.12890227287922065,0.5510977271207793,0.8089022728792207
vbp,256,0.5,iid,hoeffding,1000,0.315,0.09487383810763891,0.5901261618923611,0.7798738381076389
vbp,256,0.5,iid,hoeffding,2000,0.3255,0.06962108997220032,0.6048789100277997,0.7441210899722003
vbp,256,0.5,iid,hoeffding,5000,0.311,0.046066219879014554,0.6429337801209855,0.7350662198790145
vbp,256,0.5,iid,hoeffding,10000,0.3182,0.03362087186595333,0.6481791281340467,0.7154208718659534
vbp,256,0.5,iid,betting,50,0.32,0.21076843261718742,0.47142211914062515,0.892958984375
vbp,256,0.5,iid,betting,100,0.36,0.14946533203125,0.492197265625,0.7911279296875
vbp,256,0.5,iid,betting,200,0.325,0.10151329040527347,0.5718795776367187,0.7749061584472656
vbp,256,0.5,iid,betting,500,0.32,0.06921966552734377,0.6099102783203125,0.7483496093750001
vbp,256,0.5,iid,betting,1000,0.315,0.05244085311889651,0.631259651184082,0.736141357421875
vbp,256,0.5,iid,betting,2000,0.3255,0.03909067726135254,0.6348704490661621,0.7130518035888671
vbp,256,0.5,iid,betting,5000,0.311,0.025253559112548785,0.6633212509155274,0.713828369140625
vbp,256,0.5,iid,betting,10000,0.3182,0.018721253204345673,0.6629437606811523,0.7003862670898438
vbp,256,0.5,adaptive,hoeffding,50,0.34158955563434573,0.49509071045660724,0.16331973390904708,1.0
vbp,256,0.5,adaptive,hoeffding,100,0.3496932099767719,0.3697340484969811,0.280572741526247,1.0
vbp,256,0.5,adaptive,hoeffding,200,0.31535644433218607,0.274635328613893,0.4100082270539209,0.9592788842817069
vbp,256,0.5,adaptive,hoeffding,500,0.3126056222305698,0.18414610411317237,0.5032482736562578,0.8715404818826026
vbp,256,0.5,adaptive,hoeffding,1000,0.33808442902320845,0.13553405443948416,0.5263815165373074,0.7974496254162757
vbp,256,0.5,adaptive,hoeffding,2000,0.3325862608994561,0.09945869996028617,0.5679550391402577,0.7668724390608301
vbp,256,0.5,adaptive,hoeffding,5000,0.3241670477812415,0.06580888554144937,0.6100240666773091,0.7416418377602079
vbp,256,0.5,adaptive,hoeffding,10000,0.32602881173192344,0.04802981695136191,0.6259413713167147,0.7220010052194384
vbp,256,0.5,adaptive,betting,50,0.341589553590758,0.3217699923191626,0.29664431533409397,0.9401842999724191
vbp,256,0.5,adaptive,betting,100,0.3496932082737821,0.21494285800629698,0.4142527939105448,0.8441385099231388
vbp,256,0.5,adaptive,betting,200,0.3153564433103922,0.14137520290300098,0.5252524920198548,0.8080028978258568
vbp,256,0.5,adaptive,betting,500,0.31260562148125415,0.09392336081046077,0.5842625592035353,0.7721092808244567
vbp,256,0.5,adaptive,betting,1000,0.3380844278992351,0.0704884263304546,0.5874454400892231,0.7284222927501323
vbp,256,0.5,adaptive,betting,2000,0.3325862597414232,0.052340417200815004,0.6123853711479332,0.7170662055495632
vbp,256,0.5,adaptive,betting,5000,0.32416704674582403,0.0341824614598934,0.6405198523307819,0.7088847752505687
vbp,256,0.5,adaptive,betting,10000,0.3260288107067232,0.025311483483143965,0.6480630528261191,0.6986860197924071
vbp,128,0.1,iid,hoeffding,50,0.08,0.34656349731962505,0.5734365026803749,1.0
vbp,128,0.1,iid,hoeffding,100,0.06,0.25881383394788676,0.6811861660521132,1.0
vbp,128,0.1,iid,hoeffding,200,0.065,0.19224473002972509,0.7427552699702749,1.0
vbp,128,0.1,iid,hoeffding,500,0.074,0.12890227287922065,0.7970977271207793,1.0
vbp,128,0.1,iid,hoeffding,1000,0.086,0.09487383810763891,0.8191261618923611,1.0
vbp,128,0.1,iid,hoeffding,2000,0.0845,0.06962108997220032,0.8458789100277997,0.9851210899722003
vbp,128,0.1,iid,hoeffding,5000,0.0848,0.046066219879014554,0.8691337801209854,0.9612662198790145
vbp,128,0.1,iid,hoeffding,10000,0.0829,0.03362087186595333,0.8834791281340466,0.9507208718659533
vbp,128,0.1,iid,betting,50,0.08,0.14724746704101566,0.7055050659179687,1.0
vbp,128,0.1,iid,betting,100,0.06,0.08810096740722656,0.8237980651855469,1.0
vbp,128,0.1,iid,betting,200,0.065,0.06233833312988283,0.8630088806152343,0.987685546875
vbp,128,0.1,iid,betting,500,0.074,0.03955480194091796,0.881117202758789,0.960226806640625
vbp,128,0.1,iid,betting,1000,0.086,0.030020156860351557,0.8809606628417969,0.9410009765625
vbp,128,0.1,iid,betting,2000,0.0845,0.02220356750488281,0.8916402282714844,0.93604736328125
vbp,128,0.1,iid,betting,5000,0.0848,0.014913842773437491,0.899538427734375,0.92936611328125
vbp,128,0.1,iid,betting,10000,0.0829,0.01086845817565918,0.9058419593811036,0.9275788757324219
vbp,128,0.1,adaptive,hoeffding,50,0.15980604648590088,0.49509071045660724,0.34510324305749185,1.0
vbp,128,0.1,adaptive,hoeffding,100,0.13132255390286446,0.3697340484969811,0.4989433976001545,1.0
vbp,128,0.1,adaptive,hoeffding,200,0.09158179260790349,0.274635328613893,0.6337828787782035,1.0
vbp,128,0.1,adaptive,hoeffding,500,0.09593889781832696,0.18414610411317237,0.7199149980685007,1.0
vbp,128,0.1,adaptive,hoeffding,1000,0.08766775421798229,0.13553405443948416,0.7767981913425336,1.0
vbp,128,0.1,adaptive,hoeffding,2000,0.08069340767711401,0.09945869996028617,0.8198478923625998,1.0
vbp,128,0.1,adaptive,hoeffding,5000,0.08334531007409096,0.06580888554144937,0.8508458043844597,0.9824635754673584
vbp,128,0.1,adaptive,hoeffding,10000,0.08180718319118023,0.04802981695136191,0.8701629998574578,0.9662226337601817
vbp,128,0.1,adaptive,betting,50,0.15980604648590088,0.22698444107512325,0.5460311178497534,1.0
vbp,128,0.1,adaptive,betting,100,0.13132255390286443,0.14020521628014948,0.7099952622015584,0.9904056947618574
vbp,128,0.1,adaptive,betting,200,0.09158179260790346,0.07671733413588178,0.8255703846435632,0.9790050529153268
vbp,128,0.1,adaptive,betting,500,0.09593889781832698,0.045194807707593265,0.8564176997836854,0.946807315198872
vbp,128,0.1,adaptive,betting,1000,0.08766775421798235,0.030600137443980994,0.8792986614582317,0.9404989363461936
vbp,128,0.1,adaptive,betting,2000,0.08069340767711405,0.021000608688123222,0.8968680101574242,0.9388692275336706
vbp,128,0.1,adaptive,betting,5000,0.08334531007409092,0.014594516761654838,0.9014650639541069,0.9306540974774166
vbp,128,0.1,adaptive,betting,10000,0.08180718319118019,0.010710078353487619,0.907188296340663,0.9286084530476383
vbp,128,0.2,iid,hoeffding,50,0.2,0.34656349731962505,0.45343650268037494,1.0
vbp,128,0.2,iid,hoeffding,100,0.17,0.25881383394788676,0.5711861660521133,1.0
vbp,128,0.2,iid,hoeffding,200,0.14,0.19224473002972509,0.6677552699702749,1.0
vbp,128,0.2,iid,hoeffding,500,0.166,0.12890227287922065,0.7050977271207793,0.9629022728792207
vbp,128,0.2,iid,hoeffding,1000,0.17,0.09487383810763891,0.735126161892361,0.9248738381076389
vbp,128,0.2,iid,hoeffding,2000,0.1715,0.06962108997220032,0.7588789100277997,0.8981210899722003
vbp,128,0.2,iid,hoeffding,5000,0.1618,0.046066219879014554,0.7921337801209855,0.8842662198790145
vbp,128,0.2,iid,hoeffding,10000,0.1615,0.03362087186595333,0.8048791281340466,0.8721208718659533
vbp,128,0.2,iid,betting,50,0.2,0.2176025390625,0.54832763671875,0.98353271484375
vbp,128,0.2,iid,betting,100,0.17,0.13711109161376953,0.6733428192138672,0.9475650024414063
vbp,128,0.2,iid,betting,200,0.14,0.08629318237304687,0.7607803344726562,0.93336669921875
vbp,128,0.2,iid,betting,500,0.166,0.05754522705078125,0.7700145263671875,0.88510498046875
vbp,128,0.2,iid,betting,1000,0.17,0.043425369262695315,0.7828996276855469,0.8697503662109375
vbp,128,0.2,iid,betting,2000,0.1715,0.032552928924560534,0.7938232498168946,0.8589291076660156
vbp,128,0.2,iid,betting,5000,0.1618,0.02089602508544923,0.8161885528564453,0.8579806030273438
vbp,128,0.2,iid,betting,10000,0.1615,0.0154007682800293,0.8224940872192382,0.8532956237792968
vbp,128,0.2,adaptive,hoeffding,50,0.2514572334289551,0.49509071045660724,0.25345205611443766,1.0
vbp,128,0.2,adaptive,hoeffding,100,0.18824814274907112,0.3697340484969811,0.4420178087539478,1.0
vbp,128,0.2,adaptive,hoeffding,200,0.15396568350493908,0.274635328613893,0.5713989878811679,1.0
vbp,128,0.2,adaptive,hoeffding,500,0.1553965892381966,0.18414610411317237,0.660457306648631,1.0
vbp,128,0.2,adaptive,hoeffding,1000,0.14991355577297508,0.13553405443948416,0.7145523897875408,0.9856204986665091
vbp,128,0.2,adaptive,hoeffding,2000,0.1489594057397917,0.09945869996028617,0.7515818942999222,0.9504992942204945
vbp,128,0.2,adaptive,hoeffding,5000,0.16027602157648652,0.06580888554144937,0.7739150928820642,0.9055328639649629
vbp,128,0.2,adaptive,hoeffding,10000,0.1578019507288467,0.04802981695136191,0.7941682323197914,0.8902278662225152
vbp,128,0.2,adaptive,betting,50,0.2514572334289551,0.27928366386452186,0.42757367069708263,0.9861409984261263
vbp,128,0.2,adaptive,betting,100,0.18824814274907112,0.15706549978159698,0.6391861266581516,0.9533171262213455
vbp,128,0.2,adaptive,betting,200,0.15396568350493908,0.08714307826015394,0.759058655912521,0.9333448124328289
vbp,128,0.2,adaptive,betting,500,0.15539658923819655,0.05260209589846985,0.7926650420338159,0.8978692338307556
vbp,128,0.2,adaptive,betting,1000,0.14991355577297505,0.0364695210308272,0.8116794919778222,0.8846185340394765
vbp,128,0.2,adaptive,betting,2000,0.14895940573979158,0.028229586411926834,0.8215475833885167,0.8780067562123703
vbp,128,0.2,adaptive,betting,5000,0.16027602157648657,0.01920355154885238,0.8202068287965237,0.8586139318942285
vbp,128,0.2,adaptive,betting,10000,0.15780195072884665,0.01423469677665358,0.8277328083276938,0.8562022018810009
vbp,128,0.5,iid,hoeffding,50,0.54,0.34656349731962505,0.11343650268037497,0.806563497319625
vbp,128,0.5,iid,hoeffding,100,0.51,0.25881383394788676,0.23118616605211328,0.7488138339478867
vbp,128,0.5,iid,hoeffding,200,0.465,0.19224473002972509,0.34275526997027495,0.7272447300297251
vbp,128,0.5,iid,hoeffding,500,0.492,0.12890227287922065,0.3790977271207794,0.6369022728792206
vbp,128,0.5,iid,hoeffding,1000,0.495,0.09487383810763891,0.41012616189236106,0.599873838107639
vbp,128,0.5,iid,hoeffding,2000,0.5085,0.06962108997220032,0.42187891002779976,0.5611210899722003
vbp,128,0.5,iid,hoeffding,5000,0.5068,0.046066219879014554,0.44713378012098537,0.5392662198790146
vbp,128,0.5,iid,hoeffding,10000,0.5073,0.03362087186595333,0.4590791281340467,0.5263208718659533
vbp,128,0.5,iid,betting,50,0.54,0.2132516479492188,0.24318176269531233,0.6696850585937499
vbp,128,0.5,iid,betting,100,0.51,0.14356346130371095,0.3411666870117187,0.6282936096191406
vbp,128,0.5,iid,betting,200,0.465,0.09842220306396479,0.4350140380859375,0.631858444213867
vbp,128,0.5,iid,betting,500,0.492,0.06677996826171878,0.44015917968749996,0.5737191162109375
vbp,128,0.5,iid,betting,1000,0.495,0.05093002319335943,0.4531792449951171,0.5550392913818359
vbp,128,0.5,iid,betting,2000,0.5085,0.03710906982421874,0.4541065216064454,0.5283246612548829
vbp,128,0.5,iid,betting,5000,0.5068,0.025561874389648465,0.4673945983886718,0.5185183471679687
vbp,128,0.5,iid,betting,10000,0.5073,0.01913602447509774,0.4734238342285155,0.5116958831787111
vbp,128,0.5,adaptive,hoeffding,50,0.6285896555148065,0.49509071045660724,-0.12368036597141385,0.8665010549418007
vbp,128,0.5,adaptive,hoeffding,100,0.536876617676462,0.3697340484969811,0.0933893338265569,0.8328574308205191
vbp,128,0.5,adaptive,hoeffding,200,0.4341643957265478,0.274635328613893,0.2912002756595592,0.8404709328873452
vbp,128,0.5,adaptive,hoeffding,500,0.45689731371434755,0.18414610411317237,0.35895658217248005,0.7272487903988248
vbp,128,0.5,adaptive,hoeffding,1000,0.49191189567626864,0.13553405443948416,0.37255404988424723,0.6436221587632155
vbp,128,0.5,adaptive,hoeffding,2000,0.4847201000762843,0.09945869996028617,0.4158211999634296,0.6147385998840018
vbp,128,0.5,adaptive,hoeffding,5000,0.4977609982592661,0.06580888554144937,0.4364301161992845,0.5680478872821833
vbp,128,0.5,adaptive,hoeffding,10000,0.49944852992033967,0.04802981695136191,0.4525216531282984,0.5485812870310223
vbp,128,0.5,adaptive,betting,50,0.6285896555148065,0.32188916279991897,0.05276526080797683,0.6965435864078149
vbp,128,0.5,adaptive,betting,100,0.5368766176764619,0.20487993895777143,0.258050991731971,0.6678108696475138
vbp,128,0.5,adaptive,betting,200,0.4341643957265478,0.1107098680876823,0.465212889455477,0.6866326256308416
vbp,128,0.5,adaptive,betting,500,0.4568973137143475,0.07983961022235653,0.4671535796365528,0.6268328000812659
vbp,128,0.5,adaptive,betting,1000,0.4919118956762682,0.05518768963859494,0.4548707616306298,0.5652461409078197
vbp,128,0.5,adaptive,betting,2000,0.4847201000762848,0.04314027122181696,0.4733916005321116,0.5596721429757455
vbp,128,0.5,adaptive,betting,5000,0.49776099825926495,0.02879116050443109,0.47387553083415856,0.5314578518430207
vbp,128,0.5,adaptive,betting,10000,0.49944852991693245,0.021494545060197517,0.47922882543621126,0.5222179155566062
vbp,64,0.1,iid,hoeffding,50,0.34,0.34656349731962505,0.31343650268037493,1.0
vbp,64,0.1,iid,hoeffding,100,0.38,0.25881383394788676,0.3611861660521132,0.8788138339478868
vbp,64,0.1,iid,hoeffding,200,0.39,0.19224473002972509,0.4177552699702749,0.8022447300297251
vbp,64,0.1,iid,hoeffding,500,0.39,0.12890227287922065,0.48109772712077936,0.7389022728792206
vbp,64,0.1,iid,hoeffding,1000,0.369,0.09487383810763891,0.5361261618923611,0.725873838107639
vbp,64,0.1,iid,hoeffding,2000,0.37,0.06962108997220032,0.5603789100277997,0.6996210899722003
vbp,64,0.1,iid,hoeffding,5000,0.3662,0.046066219879014554,0.5877337801209854,0.6798662198790145
vbp,64,0.1,iid,hoeffding,10000,0.3668,0.03362087186595333,0.5995791281340467,0.6668208718659533
vbp,64,0.1,iid,betting,50,0.34,0.22467521667480464,0.4317201232910157,0.881070556640625
vbp,64,0.1,iid,betting,100,0.38,0.15338851928710934,0.4663339233398438,0.7731109619140625
vbp,64,0.1,iid,betting,200,0.39,0.10856079101562499,0.4991619873046875,0.7162835693359375
vbp,64,0.1,iid,betting,500,0.39,0.07458518981933593,0.5341688537597656,0.6833392333984375
vbp,64,0.1,iid,betting,1000,0.369,0.053039955139160155,0.5769852600097656,0.6830651702880859
vbp,64,0.1,iid,betting,2000,0.37,0.0404927825927735,0.5890484619140625,0.6700340270996095
vbp,64,0.1,iid,betting,5000,0.3662,0.027285229492187507,0.6063246307373047,0.6608950897216797
vbp,64,0.1,iid,betting,10000,0.3668,0.020029421997070335,0.613055010986328,0.6531138549804687
vbp,64,0.1,adaptive,hoeffding,50,0.3519371342658997,0.49509071045660724,0.15297215527749308,1.0
vbp,64,0.1,adaptive,hoeffding,100,0.3980302155017853,0.3697340484969811,0.2322357360012336,0.9717038329951958
vbp,64,0.1,adaptive,hoeffding,200,0.39602508157491684,0.274635328613893,0.32933958981119016,0.8786102470389762
vbp,64,0.1,adaptive,hoeffding,500,0.3776007695198059,0.18414610411317237,0.43825312636702174,0.8065453345933664
vbp,64,0.1,adaptive,hoeffding,1000,0.36843922510743143,0.13553405443948416,0.4960267204530844,0.7670948293320528
vbp,64,0.1,adaptive,hoeffding,2000,0.36237462328374387,0.09945869996028617,0.53816667675597,0.7370840766765423
vbp,64,0.1,adaptive,hoeffding,5000,0.37183543554842474,0.06580888554144937,0.5623556789101258,0.6939734499930246
vbp,64,0.1,adaptive,hoeffding,10000,0.36591853685826065,0.04802981695136191,0.5860516461903774,0.6821112800931013
vbp,64,0.1,adaptive,betting,50,0.3519371342658997,0.2819394762997361,0.3467297885963566,0.9106087411958288
vbp,64,0.1,adaptive,betting,100,0.3980302155017853,0.1835134533525044,0.4124700872523914,0.7794969939574002
vbp,64,0.1,adaptive,betting,200,0.3960250815749168,0.11764828550201692,0.4806888593850487,0.7159854303890825
vbp,64,0.1,adaptive,betting,500,0.3776007695198059,0.07375241964733398,0.5460171923780384,0.6935220316727063
vbp,64,0.1,adaptive,betting,1000,0.36843922510743143,0.052957672097473374,0.5765127114100859,0.6824280556050326
vbp,64,0.1,adaptive,betting,2000,0.36237462328374437,0.0389605141599787,0.5972379016014078,0.6751589299213652
vbp,64,0.1,adaptive,betting,5000,0.37183543554842446,0.026866557421185988,0.6004626535016622,0.6541957683440343
vbp,64,0.1,adaptive,betting,10000,0.3659185368582603,0.019453373820614406,0.6141696932591749,0.6530764409004037
vbp,64,0.2,iid,hoeffding,50,0.44,0.34656349731962505,0.21343650268037495,0.906563497319625
vbp,64,0.2,iid,hoeffding,100,0.43,0.25881383394788676,0.31118616605211324,0.8288138339478868
vbp,64,0.2,iid,hoeffding,200,0.445,0.19224473002972509,0.36275526997027496,0.7472447300297251
vbp,64,0.2,iid,hoeffding,500,0.436,0.12890227287922065,0.4350977271207793,0.6929022728792207
vbp,64,0.2,iid,hoeffding,1000,0.423,0.09487383810763891,0.4821261618923611,0.6718738381076389
vbp,64,0.2,iid,hoeffding,2000,0.4245,0.06962108997220032,0.5058789100277997,0.6451210899722003
vbp,64,0.2,iid,hoeffding,5000,0.4206,0.046066219879014554,0.5333337801209854,0.6254662198790146
vbp,64,0.2,iid,hoeffding,10000,0.4223,0.03362087186595333,0.5440791281340467,0.6113208718659533
vbp,64,0.2,iid,betting,50,0.44,0.22500701904296871,0.33214111328125007,0.7821551513671875
vbp,64,0.2,iid,betting,100,0.43,0.14778625488281244,0.423768768310547,0.7193412780761719
vbp,64,0.2,iid,betting,200,0.445,0.10319644927978516,0.45136940002441406,0.6577622985839844
vbp,64,0.2,iid,betting,500,0.436,0.07023587036132806,0.4934827880859376,0.6339545288085937
vbp,64,0.2,iid,betting,1000,0.423,0.051819099426269555,0.5249136352539063,0.6285518341064453
vbp,64,0.2,iid,betting,2000,0.4245,0.038805149078369156,0.5364753112792968,0.6140856094360352
vbp,64,0.2,iid,betting,5000,0.4206,0.02608715209960935,0.5532308105468751,0.6054051147460937
vbp,64,0.2,iid,betting,10000,0.4223,0.019181783294677707,0.558474479675293,0.5968380462646483
vbp,64,0.2,adaptive,hoeffding,50,0.3918683350086212,0.49509071045660724,0.11304095453477148,1.0
vbp,64,0.2,adaptive,hoeffding,100,0.4161028458178043,0.3697340484969811,0.21416310568521457,0.9536312026791768
vbp,64,0.2,adaptive,hoeffding,200,0.43759608797729016,0.274635328613893,0.28776858340881684,0.8370392406366028
vbp,64,0.2,adaptive,hoeffding,500,0.4379787019789219,0.18414610411317237,0.3778751939079057,0.7461674021342505
vbp,64,0.2,adaptive,hoeffding,1000,0.42283596965670583,0.13553405443948416,0.44162997590381003,0.7126980847827783
vbp,64,0.2,adaptive,hoeffding,2000,0.41496606623753907,0.09945869996028617,0.4855752338021748,0.684492633722747
vbp,64,0.2,adaptive,hoeffding,5000,0.42544560355991123,0.06580888554144937,0.5087455108986394,0.6403632819815381
vbp,64,0.2,adaptive,hoeffding,10000,0.4213487314261496,0.04802981695136191,0.5306214516224885,0.6266810855252123
vbp,64,0.2,adaptive,betting,50,0.39186833500862117,0.2818923422937262,0.30958281420996314,0.8733674987974155
vbp,64,0.2,adaptive,betting,100,0.4161028458178043,0.17969910239365794,0.3994201133701073,0.7588183181574232
vbp,64,0.2,adaptive,betting,200,0.43759608797728994,0.12146313883779433,0.43527340091362166,0.6781996785892104
vbp,64,0.2,adaptive,betting,500,0.4379787019789218,0.07748027170482993,0.48225814771851705,0.637218691128177
vbp,64,0.2,adaptive,betting,1000,0.4228359696567054,0.05642869519288765,0.5187483195223888,0.631605709908164
vbp,64,0.2,adaptive,betting,2000,0.41496606623753896,0.0408609113765713,0.5432282804667381,0.6249501032198806
vbp,64,0.2,adaptive,betting,5000,0.42544560355991057,0.028156425246732814,0.5461302531135759,0.6024431036070416
vbp,64,0.2,adaptive,betting,10000,0.4213487314261488,0.020938009740304547,0.5575803713908345,0.5994563908714436
vbp,64,0.5,iid,hoeffding,50,0.58,0.34656349731962505,0.07343650268037494,0.7665634973196251
vbp,64,0.5,iid,hoeffding,100,0.58,0.25881383394788676,0.16118616605211322,0.6788138339478869
vbp,64,0.5,iid,hoeffding,200,0.575,0.19224473002972509,0.23275526997027496,0.6172447300297251
vbp,64,0.5,iid,hoeffding,500,0.628,0.12890227287922065,0.24309772712077937,0.5009022728792206
vbp,64,0.5,iid,hoeffding,1000,0.639,0.09487383810763891,0.26612616189236105,0.45587383810763893
vbp,64,0.5,iid,hoeffding,2000,0.639,0.06962108997220032,0.2913789100277997,0.4306210899722003
vbp,64,0.5,iid,hoeffding,5000,0.6358,0.046066219879014554,0.31813378012098537,0.41026621987901457
vbp,64,0.5,iid,hoeffding,10000,0.6419,0.03362087186595333,0.32447912813404667,0.3917208718659533
vbp,64,0.5,iid,betting,50,0.58,0.20370468139648443,0.19863739013671866,0.6060467529296876
vbp,64,0.5,iid,betting,100,0.58,0.13777923583984378,0.286981201171875,0.5625396728515626
vbp,64,0.5,iid,betting,200,0.575,0.09551429748535153,0.33780937194824223,0.5288379669189454
vbp,64,0.5,iid,betting,500,0.628,0.05347186279296884,0.31845007324218744,0.4253937988281251
vbp,64,0.5,iid,betting,1000,0.639,0.03962309265136721,0.32113554382324216,0.4003817291259766
vbp,64,0.5,iid,betting,2000,0.639,0.03161619567871099,0.32931004333496094,0.3925424346923829
vbp,64,0.5,iid,betting,5000,0.6358,0.02217081756591799,0.3419487670898438,0.38629040222167976
vbp,64,0.5,iid,betting,10000,0.6419,0.016234702301025417,0.3418113021850586,0.37428070678710945
vbp,64,0.5,adaptive,hoeffding,50,0.6900343745201826,0.49509071045660724,-0.1851250849767898,0.8050563359364247
vbp,64,0.5,adaptive,hoeffding,100,0.6263746861740946,0.3697340484969811,0.003891265328924254,0.7433593623228865
vbp,64,0.5,adaptive,hoeffding,200,0.5957745534705464,0.274635328613893,0.12959011791556052,0.6788607751433466
vbp,64,0.5,adaptive,hoeffding,500,0.6224785549310036,0.18414610411317237,0.1933753409558241,0.5616675491821688
vbp,64,0.5,adaptive,hoeffding,1000,0.6421151470028562,0.13553405443948416,0.2223507985576596,0.493418907436628
vbp,64,0.5,adaptive,hoeffding,2000,0.6359290734804818,0.09945869996028617,0.2646122265592321,0.46352962647980434
vbp,64,0.5,adaptive,hoeffding,5000,0.629698639108683,0.06580888554144937,0.3044924753498677,0.4361102464327664
vbp,64,0.5,adaptive,hoeffding,10000,0.6359418103781994,0.04802981695136191,0.3160283726704387,0.41208800657316247
vbp,64,0.5,adaptive,betting,50,0.6900343745201825,0.3108449167136371,0.0,0.6216898334272742
vbp,64,0.5,adaptive,betting,100,0.6263746861740945,0.20481136997774865,0.15838746717193308,0.5680102071274304
vbp,64,0.5,adaptive,betting,200,0.5957745534705462,0.1409248022839129,0.25624693684699273,0.5380965414148186
vbp,64,0.5,adaptive,betting,500,0.6224785549310037,0.09112947377146352,0.2861324367201751,0.4683913842631021
vbp,64,0.5,adaptive,betting,1000,0.6421151470028568,0.06522278047465563,0.29213482298746607,0.4225803839367773
vbp,64,0.5,adaptive,betting,2000,0.6359290734804809,0.049213435429918295,0.31384137786392985,0.41226824872376644
vbp,64,0.5,adaptive,betting,5000,0.6296986391086836,0.033077437771499685,0.3367671347589307,0.4029220103019301
vbp,64,0.5,adaptive,betting,10000,0.635941810378202,0.02432313263016761,0.33950621627993627,0.3881524815402715
vbp,32,0.1,iid,hoeffding,50,0.52,0.34656349731962505,0.133436502680375,0.826563497319625
vbp,32,0.1,iid,hoeffding,100,0.53,0.25881383394788676,0.21118616605211327,0.7288138339478867
vbp,32,0.1,iid,hoeffding,200,0.51,0.19224473002972509,0.2977552699702749,0.6822447300297251
vbp,32,0.1,iid,hoeffding,500,0.51,0.12890227287922065,0.36109772712077937,0.6189022728792206
vbp,32,0.1,iid,hoeffding,1000,0.519,0.09487383810763891,0.38612616189236104,0.5758738381076389
vbp,32,0.1,iid,hoeffding,2000,0.508,0.06962108997220032,0.4223789100277997,0.5616210899722003
vbp,32,0.1,iid,hoeffding,5000,0.5054,0.046066219879014554,0.44853378012098544,0.5406662198790146
vbp,32,0.1,iid,hoeffding,10000,0.5056,0.03362087186595333,0.46077912813404664,0.5280208718659533
vbp,32,0.1,iid,betting,50,0.52,0.22671142578125011,0.24969726562499983,0.7031201171875001
vbp,32,0.1,iid,betting,100,0.53,0.15046440124511723,0.3157884216308593,0.6167172241210938
vbp,32,0.1,iid,betting,200,0.51,0.10812423706054691,0.38139190673828116,0.597640380859375
vbp,32,0.1,iid,betting,500,0.51,0.07498725891113278,0.414693603515625,0.5646681213378906
vbp,32,0.1,iid,betting,1000,0.519,0.05631230926513675,0.4245153808593749,0.5371399993896484
vbp,32,0.1,iid,betting,2000,0.508,0.041551635742187565,0.4502817993164061,0.5333850708007812
vbp,32,0.1,iid,betting,5000,0.5054,0.02798016967773434,0.4665100769042969,0.5224704162597655
vbp,32,0.1,iid,betting,10000,0.5056,0.020657153320312538,0.47368432617187495,0.5149986328125
vbp,32,0.1,adaptive,hoeffding,50,0.5258098745346069,0.49509071045660724,-0.020900584991214277,0.9692808359220003
vbp,32,0.1,adaptive,hoeffding,100,0.5399821448326111,0.3697340484969811,0.0902838066704078,0.82975190366437
vbp,32,0.1,adaptive,hoeffding,200,0.5218024085462093,0.274635328613893,0.20356226283989765,0.7528329200676838
vbp,32,0.1,adaptive,hoeffding,500,0.5214365876317024,0.18414610411317237,0.29441730825512524,0.6627095164814699
vbp,32,0.1,adaptive,hoeffding,1000,0.51176467821002,0.13553405443948416,0.3527012673504958,0.6237693762294642
vbp,32,0.1,adaptive,hoeffding,2000,0.5039684865623713,0.09945869996028617,0.3965728134773425,0.595490213397915
vbp,32,0.1,adaptive,hoeffding,5000,0.5043755868375301,0.06580888554144937,0.4298155276210205,0.5614332987039192
vbp,32,0.1,adaptive,hoeffding,10000,0.5033020011067391,0.04802981695136191,0.44866818194189906,0.5447278158446228
vbp,32,0.1,adaptive,betting,50,0.5258098745346068,0.2827474686342197,0.19695350686576718,0.7624484441342065
vbp,32,0.1,adaptive,betting,100,0.5399821448326111,0.17512460107335368,0.2822620337895829,0.6325112359362903
vbp,32,0.1,adaptive,betting,200,0.5218024085462091,0.11585170061586075,0.3604792256338665,0.592182626865588
vbp,32,0.1,adaptive,betting,500,0.5214365876317022,0.07664459163500079,0.4009802400131468,0.5542694232831484
vbp,32,0.1,adaptive,betting,1000,0.5117646782100204,0.05625992398655466,0.4311587296654291,0.5436785776385384
vbp,32,0.1,adaptive,betting,2000,0.5039684865623724,0.04131959391159909,0.45417212426311493,0.5368113120863132
vbp,32,0.1,adaptive,betting,5000,0.5043755868375314,0.027809039253215928,0.46767403232878046,0.5232921108352123
vbp,32,0.1,adaptive,betting,10000,0.5033020011067376,0.02044171183922394,0.4762120684237301,0.517095492102178
vbp,32,0.2,iid,hoeffding,50,0.54,0.34656349731962505,0.11343650268037497,0.806563497319625
vbp,32,0.2,iid,hoeffding,100,0.57,0.25881383394788676,0.17118616605211323,0.6888138339478869
vbp,32,0.2,iid,hoeffding,200,0.55,0.19224473002972509,0.25775526997027487,0.642244730029725
vbp,32,0.2,iid,hoeffding,500,0.552,0.12890227287922065,0.31909772712077933,0.5769022728792206
vbp,32,0.2,iid,hoeffding,1000,0.552,0.09487383810763891,0.353126161892361,0.5428738381076389
vbp,32,0.2,iid,hoeffding,2000,0.5545,0.06962108997220032,0.3758789100277997,0.5151210899722003
vbp,32,0.2,iid,hoeffding,5000,0.5516,0.046066219879014554,0.4023337801209854,0.4944662198790146
vbp,32,0.2,iid,hoeffding,10000,0.5527,0.03362087186595333,0.4136791281340467,0.48092087186595334
vbp,32,0.2,iid,betting,50,0.54,0.22682220458984373,0.22602722167968747,0.6796716308593749
vbp,32,0.2,iid,betting,100,0.57,0.14911094665527347,0.27674819946289053,0.5749700927734375
vbp,32,0.2,iid,betting,200,0.55,0.10960807800292968,0.3378364562988281,0.5570526123046875
vbp,32,0.2,iid,betting,500,0.552,0.07620166015625013,0.37039160156249973,0.522794921875
vbp,32,0.2,iid,betting,1000,0.552,0.05733972167968754,0.3897031249999998,0.5043825683593749
vbp,32,0.2,iid,betting,2000,0.5545,0.04257027435302729,0.40243599700927746,0.48757654571533204
vbp,32,0.2,iid,betting,5000,0.5516,0.028789135742187555,0.41939658813476555,0.47697485961914066
vbp,32,0.2,iid,betting,10000,0.5527,0.021236700439453138,0.4259778991699219,0.4684513000488282
vbp,32,0.2,adaptive,hoeffding,50,0.46808943688869475,0.49509071045660724,0.036819852654698004,1.0
vbp,32,0.2,adaptive,hoeffding,100,0.5211663642525672,0.3697340484969811,0.10909958725045166,0.8485676842444139
vbp,32,0.2,adaptive,hoeffding,200,0.5212276980280877,0.274635328613893,0.2041369733580194,0.7534076305858053
vbp,32,0.2,adaptive,hoeffding,500,0.5686983837485313,0.18414610411317237,0.24715551213829634,0.615447720364641
vbp,32,0.2,adaptive,hoeffding,1000,0.5498464441299439,0.13553405443948416,0.31461950143057194,0.5856876103095403
vbp,32,0.2,adaptive,hoeffding,2000,0.5475002024322748,0.09945869996028617,0.35304109760743896,0.5519584975280114
vbp,32,0.2,adaptive,hoeffding,5000,0.5507537615716457,0.06580888554144937,0.38343735288690495,0.5150551239698037
vbp,32,0.2,adaptive,hoeffding,10000,0.5501411027222872,0.04802981695136191,0.4018290803263509,0.49788871422907466
vbp,32,0.2,adaptive,betting,50,0.46808943688869487,0.288595530924801,0.2417185514487994,0.8189096132984014
vbp,32,0.2,adaptive,betting,100,0.5211663642525675,0.17877823710142557,0.2994738151421694,0.6570302893450206
vbp,32,0.2,adaptive,betting,200,0.5212276980280877,0.11863822440915162,0.35628588253653437,0.5935623313548376
vbp,32,0.2,adaptive,betting,500,0.5686983837485312,0.07368532979753847,0.35555626884298197,0.5029269284380589
vbp,32,0.2,adaptive,betting,1000,0.5498464441299439,0.05432941448486553,0.3943348896373,0.502993718607031
vbp,32,0.2,adaptive,betting,2000,0.5475002024322747,0.04121615826405339,0.41101136672261074,0.4934436832507175
vbp,32,0.2,adaptive,betting,5000,0.5507537615716447,0.0277296976137813,0.42158673094613874,0.47704612617370135
vbp,32,0.2,adaptive,betting,10000,0.5501411027222863,0.020374465684003862,0.4295253583935409,0.4702742897615486
vbp,32,0.5,iid,hoeffding,50,0.72,0.34656349731962505,-0.06656349731962496,0.626563497319625
vbp,32,0.5,iid,hoeffding,100,0.72,0.25881383394788676,0.02118616605211332,0.5388138339478867
vbp,32,0.5,iid,hoeffding,200,0.7,0.19224473002972509,0.10775526997027496,0.49224473002972513
vbp,32,0.5,iid,hoeffding,500,0.728,0.12890227287922065,0.1430977271207794,0.40090227287922064
vbp,32,0.5,iid,hoeffding,1000,0.73,0.09487383810763891,0.17512616189236108,0.36487383810763896
vbp,32,0.5,iid,hoeffding,2000,0.7245,0.06962108997220032,0.20587891002779968,0.34512108997220026
vbp,32,0.5,iid,hoeffding,5000,0.7098,0.046066219879014554,0.2441337801209854,0.3362662198790146
vbp,32,0.5,iid,hoeffding,10000,0.7148,0.03362087186595333,0.2515791281340467,0.3188208718659533
vbp,32,0.5,iid,betting,50,0.72,0.23132171630859377,0.06356567382812495,0.5262091064453125
vbp,32,0.5,iid,betting,100,0.72,0.14719696044921882,0.14329833984374996,0.4376922607421876
vbp,32,0.5,iid,betting,200,0.7,0.10558052062988288,0.202972412109375,0.41413345336914076
vbp,32,0.5,iid,betting,500,0.728,0.06896630859375008,0.20920458984375,0.3471372070312502
vbp,32,0.5,iid,betting,1000,0.73,0.051470909118652264,0.22178924560546898,0.3247310638427735
vbp,32,0.5,iid,betting,2000,0.7245,0.039042858123779334,0.23784239196777335,0.315928108215332
vbp,32,0.5,iid,betting,5000,0.7098,0.025199118041992263,0.2655354797363281,0.3159337158203126
vbp,32,0.5,iid,betting,10000,0.7148,0.018902307128906337,0.2665916748046874,0.30439628906250005
vbp,32,0.5,adaptive,hoeffding,50,0.7297205774486065,0.49509071045660724,-0.22481128790521376,0.7653701330080007
vbp,32,0.5,adaptive,hoeffding,100,0.6696747198328376,0.3697340484969811,-0.039408768329818766,0.7000593286641436
vbp,32,0.5,adaptive,hoeffding,200,0.6477071376703679,0.274635328613893,0.07765753371573902,0.6269281909435251
vbp,32,0.5,adaptive,hoeffding,500,0.7201299960538745,0.18414610411317237,0.09572389983295315,0.4640161080592978
vbp,32,0.5,adaptive,hoeffding,1000,0.7056953535638749,0.13553405443948416,0.1587705919966409,0.42983870087560927
vbp,32,0.5,adaptive,hoeffding,2000,0.7126855117101222,0.09945869996028617,0.1878557883295917,0.38677318825016394
vbp,32,0.5,adaptive,hoeffding,5000,0.7075271154809744,0.06580888554144937,0.22666399897757628,0.358281770060475
vbp,32,0.5,adaptive,hoeffding,10000,0.707999642092362,0.04802981695136191,0.24397054095627613,0.3400301748589999
vbp,32,0.5,adaptive,betting,50,0.7297205774486066,0.2861701359661401,0.0,0.5723402719322802
vbp,32,0.5,adaptive,betting,100,0.6696747198328377,0.17347811526970547,0.16857800801657874,0.5155342385559897
vbp,32,0.5,adaptive,betting,200,0.6477071376703679,0.11701108245922354,0.2465945114296184,0.4806166763480655
vbp,32,0.5,adaptive,betting,500,0.7201299960538746,0.061980572990804506,0.22404737886188686,0.34800852484349587
vbp,32,0.5,adaptive,betting,1000,0.7056953535638757,0.05143283459610509,0.2458930391789197,0.3487587083711299
vbp,32,0.5,adaptive,betting,2000,0.7126855117101235,0.03928622981653662,0.25023995212918226,0.3288124117622555
vbp,32,0.5,adaptive,betting,5000,0.707527115480975,0.027050073823792375,0.2664855391284052,0.32058568677599
vbp,32,0.5,adaptive,betting,10000,0.7079996420923635,0.020336569270276605,0.2722422478566281,0.3129153863971813
random,512,0.1,iid,hoeffding,50,0.0,0.34656349731962505,0.653436502680375,1.0
random,512,0.1,iid,hoeffding,100,0.0,0.25881383394788676,0.7411861660521133,1.0
random,512,0.1,iid,hoeffding,200,0.0,0.19224473002972509,0.8077552699702749,1.0
random,512,0.1,iid,hoeffding,500,0.0,0.12890227287922065,0.8710977271207794,1.0
random,512,0.1,iid,hoeffding,1000,0.0,0.09487383810763891,0.9051261618923611,1.0
random,512,0.1,iid,hoeffding,2000,0.0,0.06962108997220032,0.9303789100277997,1.0
random,512,0.1,iid,hoeffding,5000,0.0,0.046066219879014554,0.9539337801209854,1.0
random,512,0.1,iid,hoeffding,10000,0.0,0.03362087186595333,0.9663791281340467,1.0
random,512,0.1,iid,betting,50,0.0,0.06363296508789062,0.8727340698242188,1.0
random,512,0.1,iid,betting,100,0.0,0.031154632568359375,0.9376907348632812,1.0
random,512,0.1,iid,betting,200,0.0,0.01541900634765625,0.9691619873046875,1.0
random,512,0.1,iid,betting,500,0.0,0.006130218505859375,0.9877395629882812,1.0
random,512,0.1,iid,betting,1000,0.0,0.00305938720703125,0.9938812255859375,1.0
random,512,0.1,iid,betting,2000,0.0,0.001529693603515625,0.9969406127929688,1.0
random,512,0.1,iid,betting,5000,0.0,0.000614166259765625,0.9987716674804688,1.0
random,512,0.1,iid,betting,10000,0.0,0.0,1.0,1.0
random,512,0.1,adaptive,hoeffding,50,0.0,0.49509071045660724,0.5049092895433928,1.0
random,512,0.1,adaptive,hoeffding,100,0.0,0.3697340484969811,0.6302659515030189,1.0
random,512,0.1,adaptive,hoeffding,200,0.0,0.274635328613893,0.725364671386107,1.0
random,512,0.1,adaptive,hoeffding,500,0.0,0.18414610411317237,0.8158538958868277,1.0
random,512,0.1,adaptive,hoeffding,1000,0.0,0.13553405443948416,0.8644659455605158,1.0
random,512,0.1,adaptive,hoeffding,2000,0.0,0.09945869996028617,0.9005413000397138,1.0
random,512,0.1,adaptive,hoeffding,5000,0.0,0.06580888554144937,0.9341911144585506,1.0
random,512,0.1,adaptive,hoeffding,10000,0.0,0.04802981695136191,0.9519701830486381,1.0
random,512,0.1,adaptive,betting,50,0.0,0.09090423583984375,0.8181915283203125,1.0
random,512,0.1,adaptive,betting,100,0.0,0.044506617954799106,0.9109867640904018,1.0
random,512,0.1,adaptive,betting,200,0.0,0.022027151925223216,0.9559456961495536,1.0
random,512,0.1,adaptive,betting,500,0.0,0.008757455008370536,0.9824850899832589,1.0
random,512,0.1,adaptive,betting,1000,0.0,0.004370553152901786,0.9912588936941964,1.0
random,512,0.1,adaptive,betting,2000,0.0,0.002185276576450893,0.9956294468470982,1.0
random,512,0.1,adaptive,betting,5000,0.0,0.00087738037109375,0.9982452392578125,1.0
random,512,0.1,adaptive,betting,10000,0.0,0.0,1.0,1.0
random,512,0.2,iid,hoeffding,50,0.0,0.34656349731962505,0.653436502680375,1.0
random,512,0.2,iid,hoeffding,100,0.0,0.25881383394788676,0.7411861660521133,1.0
random,512,0.2,iid,hoeffding,200,0.0,0.19224473002972509,0.8077552699702749,1.0
random,512,0.2,iid,hoeffding,500,0.0,0.12890227287922065,0.8710977271207794,1.0
random,512,0.2,iid,hoeffding,1000,0.0,0.09487383810763891,0.9051261618923611,1.0
random,512,0.2,iid,hoeffding,2000,0.0,0.06962108997220032,0.9303789100277997,1.0
random,512,0.2,iid,hoeffding,5000,0.0,0.046066219879014554,0.9539337801209854,1.0
random,512,0.2,iid,hoeffding,10000,0.0,0.03362087186595333,0.9663791281340467,1.0
random,512,0.2,iid,betting,50,0.0,0.06363296508789062,0.8727340698242188,1.0
random,512,0.2,iid,betting,100,0.0,0.031154632568359375,0.9376907348632812,1.0
random,512,0.2,iid,betting,200,0.0,0.01541900634765625,0.9691619873046875,1.0
random,512,0.2,iid,betting,500,0.0,0.006130218505859375,0.9877395629882812,1.0
random,512,0.2,iid,betting,1000,0.0,0.00305938720703125,0.9938812255859375,1.0
random,512,0.2,iid,betting,2000,0.0,0.001529693603515625,0.9969406127929688,1.0
random,512,0.2,iid,betting,5000,0.0,0.000614166259765625,0.9987716674804688,1.0
random,512,0.2,iid,betting,10000,0.0,0.0,1.0,1.0
random,512,0.2,adaptive,hoeffding,50,0.0,0.49509071045660724,0.5049092895433928,1.0
random,512,0.2,adaptive,hoeffding,100,0.0,0.3697340484969811,0.6302659515030189,1.0
random,512,0.2,adaptive,hoeffding,200,0.0,0.274635328613893,0.725364671386107,1.0
random,512,0.2,adaptive,hoeffding,500,0.0,0.18414610411317237,0.8158538958868277,1.0
random,512,0.2,adaptive,hoeffding,1000,0.0,0.13553405443948416,0.8644659455605158,1.0
random,512,0.2,adaptive,hoeffding,2000,0.0,0.09945869996028617,0.9005413000397138,1.0
random,512,0.2,adaptive,hoeffding,5000,0.0,0.06580888554144937,0.9341911144585506,1.0
random,512,0.2,adaptive,hoeffding,10000,0.0,0.04802981695136191,0.9519701830486381,1.0
random,512,0.2,adaptive,betting,50,0.0,0.09090423583984375,0.8181915283203125,1.0
random,512,0.2,adaptive,betting,100,0.0,0.044506617954799106,0.9109867640904018,1.0
random,512,0.2,adaptive,betting,200,0.0,0.022027151925223216,0.9559456961495536,1.0
random,512,0.2,adaptive,betting,500,0.0,0.008757455008370536,0.9824850899832589,1.0
random,512,0.2,adaptive,betting,1000,0.0,0.004370553152901786,0.9912588936941964,1.0
random,512,0.2,adaptive,betting,2000,0.0,0.002185276576450893,0.9956294468470982,1.0
random,512,0.2,adaptive,betting,5000,0.0,0.00087738037109375,0.9982452392578125,1.0
random,512,0.2,adaptive,betting,10000,0.0,0.0,1.0,1.0
random,512,0.5,iid,hoeffding,50,0.0,0.34656349731962505,0.653436502680375,1.0
random,512,0.5,iid,hoeffding,100,0.0,0.25881383394788676,0.7411861660521133,1.0
random,512,0.5,iid,hoeffding,200,0.0,0.19224473002972509,0.8077552699702749,1.0
random,512,0.5,iid,hoeffding,500,0.0,0.12890227287922065,0.8710977271207794,1.0
random,512,0.5,iid,hoeffding,1000,0.0,0.09487383810763891,0.9051261618923611,1.0
random,512,0.5,iid,hoeffding,2000,0.0,0.06962108997220032,0.9303789100277997,1.0
random,512,0.5,iid,hoeffding,5000,0.0,0.046066219879014554,0.9539337801209854,1.0
random,512,0.5,iid,hoeffding,10000,0.0,0.03362087186595333,0.9663791281340467,1.0
random,512,0.5,iid,betting,50,0.0,0.06363296508789062,0.8727340698242188,1.0
random,512,0.5,iid,betting,100,0.0,0.031154632568359375,0.9376907348632812,1.0
random,512,0.5,iid,betting,200,0.0,0.01541900634765625,0.9691619873046875,1.0
random,512,0.5,iid,betting,500,0.0,0.006130218505859375,0.9877395629882812,1.0
random,512,0.5,iid,betting,1000,0.0,0.00305938720703125,0.9938812255859375,1.0
random,512,0.5,iid,betting,2000,0.0,0.001529693603515625,0.9969406127929688,1.0
random,512,0.5,iid,betting,5000,0.0,0.000614166259765625,0.9987716674804688,1.0
random,512,0.5,iid,betting,10000,0.0,0.0,1.0,1.0
random,512,0.5,adaptive,hoeffding,50,0.0,0.49509071045660724,0.5049092895433928,1.0
random,512,0.5,adaptive,hoeffding,100,0.0,0.3697340484969811,0.6302659515030189,1.0
random,512,0.5,adaptive,hoeffding,200,0.0,0.274635328613893,0.725364671386107,1.0
random,512,0.5,adaptive,hoeffding,500,0.0,0.18414610411317237,0.8158538958868277,1.0
random,512,0.5,adaptive,hoeffding,1000,0.0,0.13553405443948416,0.8644659455605158,1.0
random,512,0.5,adaptive,hoeffding,2000,0.0,0.09945869996028617,0.9005413000397138,1.0
random,512,0.5,adaptive,hoeffding,5000,0.0,0.06580888554144937,0.9341911144585506,1.0
random,512,0.5,adaptive,hoeffding,10000,0.0,0.04802981695136191,0.9519701830486381,1.0
random,512,0.5,adaptive,betting,50,0.0,0.09090423583984375,0.8181915283203125,1.0
random,512,0.5,adaptive,betting,100,0.0,0.044506617954799106,0.9109867640904018,1.0
random,512,0.5,adaptive,betting,200,0.0,0.022027151925223216,0.9559456961495536,1.0
random,512,0.5,adaptive,betting,500,0.0,0.008757455008370536,0.9824850899832589,1.0
random,512,0.5,adaptive,betting,1000,0.0,0.004370553152901786,0.9912588936941964,1.0
random,512,0.5,adaptive,betting,2000,0.0,0.002185276576450893,0.9956294468470982,1.0
random,512,0.5,adaptive,betting,5000,0.0,0.00087738037109375,0.9982452392578125,1.0
random,512,0.5,adaptive,betting,10000,0.0,0.0,1.0,1.0
random,384,0.1,iid,hoeffding,50,0.0,0.34656349731962505,0.653436502680375,1.0
random,384,0.1,iid,hoeffding,100,0.01,0.25881383394788676,0.7311861660521133,1.0
random,384,0.1,iid,hoeffding,200,0.01,0.19224473002972509,0.7977552699702749,1.0
random,384,0.1,iid,hoeffding,500,0.01,0.12890227287922065,0.8610977271207794,1.0
random,384,0.1,iid,hoeffding,1000,0.009,0.09487383810763891,0.896126161892361,1.0
random,384,0.1,iid,hoeffding,2000,0.0075,0.06962108997220032,0.9228789100277996,1.0
random,384,0.1,iid,hoeffding,5000,0.0114,0.046066219879014554,0.9425337801209854,1.0
random,384,0.1,iid,hoeffding,10000,0.0117,0.03362087186595333,0.9546791281340467,1.0
random,384,0.1,iid,betting,50,0.0,0.06363296508789062,0.8727340698242188,1.0
random,384,0.1,iid,betting,100,0.01,0.0393212890625,0.921357421875,1.0
random,384,0.1,iid,betting,200,0.01,0.0287469482421875,0.942506103515625,1.0
random,384,0.1,iid,betting,500,0.01,0.016760177612304687,0.9664796447753906,1.0
random,384,0.1,iid,betting,1000,0.009,0.011565502166748044,0.9768689956665039,1.0
random,384,0.1,iid,betting,2000,0.0075,0.006976699829101563,0.9842008972167968,0.998154296875
random,384,0.1,iid,betting,5000,0.0114,0.004570388793945312,0.9835616638183594,0.99270244140625
random,384,0.1,iid,betting,10000,0.0117,0.0034571067810058587,0.9845450149536132,0.991459228515625
random,384,0.1,adaptive,hoeffding,50,0.0,0.49509071045660724,0.5049092895433928,1.0
random,384,0.1,adaptive,hoeffding,100,0.014256379604339599,0.3697340484969811,0.6160095718986793,1.0
random,384,0.1,adaptive,hoeffding,200,0.022584562599658967,0.274635328613893,0.702780108786448,1.0
random,384,0.1,adaptive,hoeffding,500,0.017770228803157807,0.18414610411317237,0.7980836670836698,1.0
random,384,0.1,adaptive,hoeffding,1000,0.016243370801210404,0.13553405443948416,0.8482225747593054,1.0
random,384,0.1,adaptive,hoeffding,2000,0.014942692734301091,0.09945869996028617,0.8855986073054127,1.0
random,384,0.1,adaptive,hoeffding,5000,0.013657402412593365,0.06580888554144937,0.9205337120459572,1.0
random,384,0.1,adaptive,hoeffding,10000,0.011925093992985785,0.04802981695136191,0.9400450890556523,1.0
random,384,0.1,adaptive,betting,50,0.0,0.09090423583984375,0.8181915283203125,1.0
random,384,0.1,adaptive,betting,100,0.0142563796043396,0.05614343417116548,0.8877131316576691,1.0
random,384,0.1,adaptive,betting,200,0.02258456259965896,0.04594530078928414,0.9081093984214317,1.0
random,384,0.1,adaptive,betting,500,0.017770228803157807,0.02418551346065023,0.9516289730786995,1.0
random,384,0.1,adaptive,betting,1000,0.0162433708012104,0.016418055274068304,0.9649431161001354,0.997779226648272
random,384,0.1,adaptive,betting,2000,0.014942692734301084,0.010335737975667484,0.9732799438354153,0.9939514197867502
random,384,0.1,adaptive,betting,5000,0.013657402412593368,0.005922427476095723,0.97955258200472,0.9913974369569114
random,384,0.1,adaptive,betting,10000,0.011925093992985794,0.003648996367118096,0.9839678075638699,0.9912658002981061
random,384,0.2,iid,hoeffding,50,0.04,0.34656349731962505,0.613436502680375,1.0
random,384,0.2,iid,hoeffding,100,0.04,0.25881383394788676,0.7011861660521133,1.0
random,384,0.2,iid,hoeffding,200,0.035,0.19224473002972509,0.7727552699702749,1.0
random,384,0.2,iid,hoeffding,500,0.018,0.12890227287922065,0.8530977271207794,1.0
random,384,0.2,iid,hoeffding,1000,0.019,0.09487383810763891,0.886126161892361,1.0
random,384,0.2,iid,hoeffding,2000,0.024,0.06962108997220032,0.9063789100277997,1.0
random,384,0.2,iid,hoeffding,5000,0.029,0.046066219879014554,0.9249337801209855,1.0
random,384,0.2,iid,hoeffding,10000,0.0298,0.03362087186595333,0.9365791281340466,1.0
random,384,0.2,iid,betting,50,0.04,0.105404052734375,0.7891918945312499,1.0
random,384,0.2,iid,betting,100,0.04,0.07325073242187502,0.85349853515625,1.0
random,384,0.2,iid,betting,200,0.035,0.04983182907104493,0.9003363418579101,1.0
random,384,0.2,iid,betting,500,0.018,0.02166533660888672,0.9566693267822266,1.0
random,384,0.2,iid,betting,1000,0.019,0.014932186126708984,0.963613655090332,0.99347802734375
random,384,0.2,iid,betting,2000,0.024,0.009934753417968746,0.9651656494140625,0.98503515625
random,384,0.2,iid,betting,5000,0.029,0.006171230316162103,0.9645623245239258,0.97690478515625
random,384,0.2,iid,betting,10000,0.0298,0.004785728454589843,0.9652702423095703,0.97484169921875
random,384,0.2,adaptive,hoeffding,50,0.06447341799736023,0.49509071045660724,0.4404358715460326,1.0
random,384,0.2,adaptive,hoeffding,100,0.07504799544811248,0.3697340484969811,0.5552179560549064,1.0
random,384,0.2,adaptive,hoeffding,200,0.057440245449543,0.274635328613893,0.667924425936564,1.0
random,384,0.2,adaptive,hoeffding,500,0.03788435191567987,0.18414610411317237,0.7779695439711478,1.0
random,384,0.2,adaptive,hoeffding,1000,0.042846828134861424,0.13553405443948416,0.8216191174256544,1.0
random,384,0.2,adaptive,hoeffding,2000,0.037477386114662295,0.09945869996028617,0.8630639139250516,1.0
random,384,0.2,adaptive,hoeffding,5000,0.032480885869375926,0.06580888554144937,0.9017102285891747,1.0
random,384,0.2,adaptive,hoeffding,10000,0.032198407904770104,0.04802981695136191,0.919771775143868,1.0
random,384,0.2,adaptive,betting,50,0.06447341799736021,0.1447806229265059,0.7104387541469882,1.0
random,384,0.2,adaptive,betting,100,0.07504799544811248,0.09835262460708918,0.8032947507858217,1.0
random,384,0.2,adaptive,betting,200,0.057440245449542994,0.06181841269820324,0.8763631746035935,1.0
random,384,0.2,adaptive,betting,500,0.03788435191567987,0.02849174298740831,0.9342853547946165,0.9912688407694331
random,384,0.2,adaptive,betting,1000,0.04284682813486143,0.021774956455878226,0.9341479783032034,0.9776978912149599
random,384,0.2,adaptive,betting,2000,0.037477386114662295,0.014581219669208657,0.946846909686816,0.9760093490252333
random,384,0.2,adaptive,betting,5000,0.03248088586937592,0.008218561373788586,0.9590832642937404,0.9755203870413175
random,384,0.2,adaptive,betting,10000,0.03219840790477006,0.006342849617502521,0.9612710084338174,0.9739567076688225
random,384,0.5,iid,hoeffding,50,0.24,0.34656349731962505,0.413436502680375,1.0
random,384,0.5,iid,hoeffding,100,0.29,0.25881383394788676,0.45118616605211326,0.9688138339478868
random,384,0.5,iid,hoeffding,200,0.26,0.19224473002972509,0.5477552699702749,0.9322447300297251
random,384,0.5,iid,hoeffding,500,0.286,0.12890227287922065,0.5850977271207793,0.8429022728792207
random,384,0.5,iid,hoeffding,1000,0.276,0.09487383810763891,0.629126161892361,0.8188738381076389
random,384,0.5,iid,hoeffding,2000,0.304,0.06962108997220032,0.6263789100277997,0.7656210899722004
random,384,0.5,iid,hoeffding,5000,0.3006,0.046066219879014554,0.6533337801209855,0.7454662198790145
random,384,0.5,iid,hoeffding,10000,0.2975,0.03362087186595333,0.6688791281340467,0.7361208718659533
random,384,0.5,iid,betting,50,0.24,0.2037702941894531,0.5478329467773437,0.95537353515625
random,384,0.5,iid,betting,100,0.29,0.14224151611328123,0.5613394165039063,0.8458224487304687
random,384,0.5,iid,betting,200,0.26,0.09474006652832032,0.639093475341797,0.8285736083984375
random,384,0.5,iid,betting,500,0.286,0.059708328247070314,0.6530873107910157,0.7725039672851564
random,384,0.5,iid,betting,1000,0.276,0.047351455688476596,0.6741487731933593,0.7688516845703125
random,384,0.5,iid,betting,2000,0.304,0.03166113281249999,0.6642670898437499,0.7275893554687499
random,384,0.5,iid,betting,5000,0.3006,0.021811704254150382,0.6771969100952149,0.7208203186035156
random,384,0.5,iid,betting,10000,0.2975,0.016007862091064418,0.6862817001342774,0.7182974243164062
random,384,0.5,adaptive,hoeffding,50,0.48571407926471755,0.49509071045660724,0.019195210278675212,1.0
random,384,0.5,adaptive,hoeffding,100,0.4428591450170567,0.3697340484969811,0.1874068064859622,0.9268749034799244
random,384,0.5,adaptive,hoeffding,200,0.32857737825942673,0.274635328613893,0.39678729312668026,0.9460579503544663
random,384,0.5,adaptive,hoeffding,500,0.2771453623310704,0.18414610411317237,0.5387085335557572,0.907000741782102
random,384,0.5,adaptive,hoeffding,1000,0.29142988696075534,0.13553405443948416,0.5730360585997605,0.8441041674787289
random,384,0.5,adaptive,hoeffding,2000,0.30999496290717893,0.09945869996028617,0.5905463371325349,0.7894637370531072
random,384,0.5,adaptive,hoeffding,5000,0.30771090314561006,0.06580888554144937,0.6264802113129406,0.7580979823958394
random,384,0.5,adaptive,hoeffding,10000,0.3047362372082537,0.04802981695136191,0.6472339458403844,0.7432935797431082
random,384,0.5,adaptive,betting,50,0.4857140683655825,0.34329067959104914,0.15216862578143353,0.8387499849635318
random,384,0.5,adaptive,betting,100,0.44285913513971564,0.2270807108736343,0.31416464958558643,0.768326071332855
random,384,0.5,adaptive,betting,200,0.3285773707662714,0.12591749298527805,0.5381614777758421,0.7899964637463982
random,384,0.5,adaptive,betting,500,0.277145355859709,0.0633739886315299,0.6651392716906754,0.7918872489537353
random,384,0.5,adaptive,betting,1000,0.29142988021691574,0.04910273925533358,0.6611834381339727,0.7593889166446399
random,384,0.5,adaptive,betting,2000,0.3099949557035319,0.03478335261645138,0.6559712081316337,0.7255379133645364
random,384,0.5,adaptive,betting,5000,0.30771089597261636,0.02517277952187666,0.6672417979667307,0.7175873570104839
random,384,0.5,adaptive,betting,10000,0.3047362300897556,0.019199764025788213,0.6760404536032077,0.7144399816547842
random,256,0.1,iid,hoeffding,50,0.06,0.34656349731962505,0.593436502680375,1.0
random,256,0.1,iid,hoeffding,100,0.05,0.25881383394788676,0.6911861660521132,1.0
random,256,0.1,iid,hoeffding,200,0.055,0.19224473002972509,0.7527552699702749,1.0
random,256,0.1,iid,hoeffding,500,0.064,0.12890227287922065,0.8070977271207793,1.0
random,256,0.1,iid,hoeffding,1000,0.052,0.09487383810763891,0.8531261618923611,1.0
random,256,0.1,iid,hoeffding,2000,0.045,0.06962108997220032,0.8853789100277997,1.0
random,256,0.1,iid,hoeffding,5000,0.048,0.046066219879014554,0.9059337801209855,0.9980662198790146
random,256,0.1,iid,hoeffding,10000,0.0461,0.03362087186595333,0.9202791281340467,0.9875208718659534
random,256,0.1,iid,betting,50,0.06,0.1248125457763672,0.7503749084472656,1.0
random,256,0.1,iid,betting,100,0.05,0.08043575286865236,0.8391284942626953,1.0
random,256,0.1,iid,betting,200,0.055,0.05971431732177732,0.8745893096923829,0.9940179443359375
random,256,0.1,iid,betting,500,0.064,0.03347546386718749,0.899580322265625,0.96653125
random,256,0.1,iid,betting,1000,0.052,0.021757095336914063,0.9236620788574219,0.96717626953125
random,256,0.1,iid,betting,2000,0.045,0.014266300201416011,0.939123649597168,0.96765625
random,256,0.1,iid,betting,5000,0.048,0.010180786132812498,0.940872802734375,0.961234375
random,256,0.1,iid,betting,10000,0.0461,0.007496011352539061,0.9458072204589844,0.9607992431640625
random,256,0.1,adaptive,hoeffding,50,0.05363230228424072,0.49509071045660724,0.451276987259152,1.0
random,256,0.1,adaptive,hoeffding,100,0.04422900021076202,0.3697340484969811,0.5860369512922569,1.0
random,256,0.1,adaptive,hoeffding,200,0.051500505656003955,0.274635328613893,0.673864165730103,1.0
random,256,0.1,adaptive,hoeffding,500,0.04346823355555535,0.18414610411317237,0.7723856623312723,1.0
random,256,0.1,adaptive,hoeffding,1000,0.04167483949661255,0.13553405443948416,0.8227911060639033,1.0
random,256,0.1,adaptive,hoeffding,2000,0.05292698853090406,0.09945869996028617,0.8476143115088097,1.0
random,256,0.1,adaptive,hoeffding,5000,0.051100019398145374,0.06580888554144937,0.8830910950604053,1.0
random,256,0.1,adaptive,hoeffding,10000,0.04909534677262418,0.04802981695136191,0.902874836276014,0.9989344701787377
random,256,0.1,adaptive,betting,50,0.05363230228424072,0.1536291935744157,0.6927416128511685,1.0
random,256,0.1,adaptive,betting,100,0.04422900021076202,0.09170550551056621,0.8165889889788676,1.0
random,256,0.1,adaptive,betting,200,0.05150050565600394,0.06906213392937251,0.861875732141255,1.0
random,256,0.1,adaptive,betting,500,0.04346823355555533,0.037690608138423044,0.9119157867587985,0.9872970030356446
random,256,0.1,adaptive,betting,1000,0.041674839496612555,0.024578563006808905,0.9296289969477012,0.9787861229613191
random,256,0.1,adaptive,betting,2000,0.052926988530904065,0.01804497677021775,0.9271738578869668,0.9632638114274023
random,256,0.1,adaptive,betting,5000,0.05110001939814539,0.011960394694947564,0.9356582968283688,0.9595790862182639
random,256,0.1,adaptive,betting,10000,0.049095346772624227,0.008482607861297484,0.9417903779676883,0.9587555936902832
random,256,0.2,iid,hoeffding,50,0.16,0.34656349731962505,0.493436502680375,1.0
random,256,0.2,iid,hoeffding,100,0.13,0.25881383394788676,0.6111861660521132,1.0
random,256,0.2,iid,hoeffding,200,0.11,0.19224473002972509,0.6977552699702749,1.0
random,256,0.2,iid,hoeffding,500,0.126,0.12890227287922065,0.7450977271207794,1.0
random,256,0.2,iid,hoeffding,1000,0.121,0.09487383810763891,0.7841261618923611,0.973873838107639
random,256,0.2,iid,hoeffding,2000,0.107,0.06962108997220032,0.8233789100277997,0.9626210899722003
random,256,0.2,iid,hoeffding,5000,0.109,0.046066219879014554,0.8449337801209854,0.9370662198790145
random,256,0.2,iid,hoeffding,10000,0.105,0.03362087186595333,0.8613791281340466,0.9286208718659533
random,256,0.2,iid,betting,50,0.16,0.19662857055664062,0.6067428588867188,1.0
random,256,0.2,iid,betting,100,0.13,0.12498970031738282,0.7248362731933593,0.974815673828125
random,256,0.2,iid,betting,200,0.11,0.0780362319946289,0.8002001190185547,0.9562725830078125
random,256,0.2,iid,betting,500,0.126,0.04976399993896483,0.8191149444580078,0.9186429443359375
random,256,0.2,iid,betting,1000,0.121,0.036512451171875,0.838440673828125,0.9114655761718751
random,256,0.2,iid,betting,2000,0.107,0.023861553192138688,0.8661361465454102,0.9138592529296875
random,256,0.2,iid,betting,5000,0.109,0.016923942565917963,0.8729858551025391,0.906833740234375
random,256,0.2,iid,betting,10000,0.105,0.012120933532714859,0.882313003540039,0.9065548706054688
random,256,0.2,adaptive,hoeffding,50,0.0838191819190979,0.49509071045660724,0.4210901076242949,1.0
random,256,0.2,adaptive,hoeffding,100,0.07792140245437622,0.3697340484969811,0.5523445490486427,1.0
random,256,0.2,adaptive,hoeffding,200,0.08804866556078196,0.274635328613893,0.6373160058253251,1.0
random,256,0.2,adaptive,hoeffding,500,0.09149430917017162,0.18414610411317237,0.724359586716656,1.0
random,256,0.2,adaptive,hoeffding,1000,0.10006805142818484,0.13553405443948416,0.7643978941323311,1.0
random,256,0.2,adaptive,hoeffding,2000,0.11594621717537666,0.09945869996028617,0.7845950828643371,0.9835124827849095
random,256,0.2,adaptive,hoeffding,5000,0.10569846513193043,0.06580888554144937,0.8284926493266203,0.960110420409519
random,256,0.2,adaptive,hoeffding,10000,0.10222399466865281,0.04802981695136191,0.8497461883799853,0.945805822282709
random,256,0.2,adaptive,betting,50,0.08381918191909792,0.17571075691960425,0.6485784861607915,1.0
random,256,0.2,adaptive,betting,100,0.07792140245437622,0.12095473700762471,0.7580905259847506,1.0
random,256,0.2,adaptive,betting,200,0.08804866556078195,0.08974957546236952,0.8056684322693675,0.9851675831941066
random,256,0.2,adaptive,betting,500,0.09149430917017162,0.05283629668471533,0.8461566357014982,0.9518292290709289
random,256,0.2,adaptive,betting,1000,0.10006805142818485,0.038858448118992556,0.8548788669723757,0.9325957632103609
random,256,0.2,adaptive,betting,2000,0.11594621717537666,0.028801607169760587,0.8525780974042605,0.9101813117437817
random,256,0.2,adaptive,betting,5000,0.10569846513193028,0.01865700790584078,0.8741867444007319,0.9115007602124133
random,256,0.2,adaptive,betting,10000,0.10222399466865278,0.01322118366994307,0.8838620670255587,0.9103044343654448
random,256,0.5,iid,hoeffding,50,0.46,0.34656349731962505,0.19343650268037493,0.886563497319625
random,256,0.5,iid,hoeffding,100,0.45,0.25881383394788676,0.2911861660521132,0.8088138339478868
random,256,0.5,iid,hoeffding,200,0.465,0.19224473002972509,0.34275526997027495,0.7272447300297251
random,256,0.5,iid,hoeffding,500,0.482,0.12890227287922065,0.3890977271207794,0.6469022728792206
random,256,0.5,iid,hoeffding,1000,0.491,0.09487383810763891,0.41412616189236107,0.603873838107639
random,256,0.5,iid,hoeffding,2000,0.4885,0.06962108997220032,0.44187891002779967,0.5811210899722004
random,256,0.5,iid,hoeffding,5000,0.4786,0.046066219879014554,0.47533378012098537,0.5674662198790146
random,256,0.5,iid,hoeffding,10000,0.4743,0.03362087186595333,0.49207912813404664,0.5593208718659534
random,256,0.5,iid,betting,50,0.46,0.23269775390624997,0.3191830444335938,0.7845785522460937
random,256,0.5,iid,betting,100,0.45,0.15713043212890632,0.39933242797851554,0.7135932922363282
random,256,0.5,iid,betting,200,0.465,0.11171775817871094,0.4260832214355469,0.6495187377929688
random,256,0.5,iid,betting,500,0.482,0.07577020263671874,0.44344897460937505,0.5949893798828125
random,256,0.5,iid,betting,1000,0.491,0.05610367584228515,0.45353005981445316,0.5657374114990235
random,256,0.5,iid,betting,2000,0.4885,0.04196976852416995,0.46970491790771474,0.5536444549560546
random,256,0.5,iid,betting,5000,0.4786,0.026578318786621175,0.4948987884521483,0.5480554260253907
random,256,0.5,iid,betting,10000,0.4743,0.01926429443359373,0.5064803771972657,0.5450089660644531
random,256,0.5,adaptive,hoeffding,50,0.5138547435369386,0.49509071045660724,-0.008945453993545849,0.9812359669196686
random,256,0.5,adaptive,hoeffding,100,0.4855185177003569,0.3697340484969811,0.14474743380266197,0.8842155307966242
random,256,0.5,adaptive,hoeffding,200,0.4285205946424799,0.274635328613893,0.2968440767436271,0.8461147339714131
random,256,0.5,adaptive,hoeffding,500,0.4513750097704541,0.18414610411317237,0.3644788861163736,0.7327710943427183
random,256,0.5,adaptive,hoeffding,1000,0.4645312506400046,0.13553405443948416,0.39993469492051126,0.6710028037994795
random,256,0.5,adaptive,hoeffding,2000,0.46893845275400237,0.09945869996028617,0.4316028472857114,0.6305202472062839
random,256,0.5,adaptive,hoeffding,5000,0.46980114781525456,0.06580888554144937,0.464389966643296,0.5960077377261948
random,256,0.5,adaptive,hoeffding,10000,0.468196394133419,0.04802981695136191,0.48377378891521905,0.5798334228179429
random,256,0.5,adaptive,betting,50,0.5138547340001955,0.34410976733829385,0.1258750737349016,0.8140946084114893
random,256,0.5,adaptive,betting,100,0.48551850748241776,0.22708663812545665,0.2760489458869614,0.7302222221378747
random,256,0.5,adaptive,betting,200,0.42852058544633476,0.15086850108307193,0.4122992636433348,0.7140362658094787
random,256,0.5,adaptive,betting,500,0.4513749999612325,0.1047705653032705,0.4398057322165445,0.6493468628230855
random,256,0.5,adaptive,betting,1000,0.46453124055830464,0.07846299057164413,0.4545706421629757,0.611496623306264
random,256,0.5,adaptive,betting,2000,0.46893844272339225,0.059027342835598184,0.47058663919261745,0.5886413248638138
random,256,0.5,adaptive,betting,5000,0.46980113785617056,0.039927239835607586,0.48950642495473495,0.5693609046259501
random,256,0.5,adaptive,betting,10000,0.4681963842526722,0.029377064566500577,0.5020117080156989,0.5607658371487001
random,128,0.1,iid,hoeffding,50,0.26,0.34656349731962505,0.393436502680375,1.0
random,128,0.1,iid,hoeffding,100,0.24,0.25881383394788676,0.5011861660521133,1.0
random,128,0.1,iid,hoeffding,200,0.275,0.19224473002972509,0.5327552699702749,0.9172447300297251
random,128,0.1,iid,hoeffding,500,0.29,0.12890227287922065,0.5810977271207793,0.8389022728792207
random,128,0.1,iid,hoeffding,1000,0.28,0.09487383810763891,0.625126161892361,0.8148738381076389
random,128,0.1,iid,hoeffding,2000,0.258,0.06962108997220032,0.6723789100277997,0.8116210899722003
random,128,0.1,iid,hoeffding,5000,0.2534,0.046066219879014554,0.7005337801209854,0.7926662198790145
random,128,0.1,iid,hoeffding,10000,0.2509,0.03362087186595333,0.7154791281340467,0.7827208718659533
random,128,0.1,iid,betting,50,0.26,0.2083204650878906,0.5274600219726563,0.9441009521484375
random,128,0.1,iid,betting,100,0.24,0.1341622924804688,0.6231011962890625,0.89142578125
random,128,0.1,iid,betting,200,0.275,0.09591932296752932,0.6262826919555664,0.818121337890625
random,128,0.1,iid,betting,500,0.29,0.0654780960083008,0.6428795623779296,0.7738357543945312
random,128,0.1,iid,betting,1000,0.28,0.04903472900390626,0.6699957275390624,0.768065185546875
random,128,0.1,iid,betting,2000,0.258,0.03197409057617187,0.708939697265625,0.7728878784179687
random,128,0.1,iid,betting,5000,0.2534,0.021911396026611324,0.7241516464233398,0.7679744384765625
random,128,0.1,iid,betting,10000,0.2509,0.01607264480590817,0.7327431564331055,0.7648884460449219
random,128,0.1,adaptive,hoeffding,50,0.21299655437469484,0.49509071045660724,0.29191273516869787,1.0
random,128,0.1,adaptive,hoeffding,100,0.2409221524000168,0.3697340484969811,0.3893437991030021,1.0
random,128,0.1,adaptive,hoeffding,200,0.2533127146959305,0.274635328613893,0.4720519566901765,1.0
random,128,0.1,adaptive,hoeffding,500,0.2514138590693474,0.18414610411317237,0.5644400368174802,0.932732245043825
random,128,0.1,adaptive,hoeffding,1000,0.25408213086426257,0.13553405443948416,0.6103838146962532,0.8814519235752216
random,128,0.1,adaptive,hoeffding,2000,0.25705170396342875,0.09945869996028617,0.6434895960762851,0.8424069959968574
random,128,0.1,adaptive,hoeffding,5000,0.2595871978968382,0.06580888554144937,0.6746039165617124,0.8062216876446111
random,128,0.1,adaptive,hoeffding,10000,0.2541950131781399,0.04802981695136191,0.6977751698704981,0.793834803773222
random,128,0.1,adaptive,betting,50,0.21299655437469486,0.25065025516187234,0.4986994896762553,1.0
random,128,0.1,adaptive,betting,100,0.24092215240001683,0.16955235523909362,0.5784459176647025,0.9175506281428898
random,128,0.1,adaptive,betting,200,0.25331271469593053,0.11016313891523824,0.6288673123096538,0.8491935901401302
random,128,0.1,adaptive,betting,500,0.2514138590693473,0.06839427792661745,0.6732086119326136,0.8099971677858485
random,128,0.1,adaptive,betting,1000,0.2540821308642628,0.05002930754269137,0.6902274777077433,0.790286092793126
random,128,0.1,adaptive,betting,2000,0.25705170396342897,0.03866761478941476,0.7017531177321409,0.7790883473109704
random,128,0.1,adaptive,betting,5000,0.2595871978968374,0.026256305799103527,0.7131395951832796,0.7656522067814867
random,128,0.1,adaptive,betting,10000,0.2541950131781402,0.019075991450943908,0.7262009859911674,0.7643529688930553
random,128,0.2,iid,hoeffding,50,0.32,0.34656349731962505,0.33343650268037495,1.0
random,128,0.2,iid,hoeffding,100,0.32,0.25881383394788676,0.42118616605211323,0.9388138339478868
random,128,0.2,iid,hoeffding,200,0.31,0.19224473002972509,0.49775526997027497,0.8822447300297251
random,128,0.2,iid,hoeffding,500,0.342,0.12890227287922065,0.5290977271207793,0.7869022728792207
random,128,0.2,iid,hoeffding,1000,0.342,0.09487383810763891,0.5631261618923611,0.7528738381076389
random,128,0.2,iid,hoeffding,2000,0.332,0.06962108997220032,0.5983789100277996,0.7376210899722003
random,128,0.2,iid,hoeffding,5000,0.3292,0.046066219879014554,0.6247337801209855,0.7168662198790146
random,128,0.2,iid,hoeffding,10000,0.3271,0.03362087186595333,0.6392791281340466,0.7065208718659534
random,128,0.2,iid,betting,50,0.32,0.22346435546875,0.4529736328125,0.89990234375
random,128,0.2,iid,betting,100,0.32,0.15151336669921875,0.5256158447265625,0.828642578125
random,128,0.2,iid,betting,200,0.31,0.10219760894775393,0.5809188079833985,0.7853140258789063
random,128,0.2,iid,betting,500,0.342,0.07053343963623049,0.5849720001220703,0.7260388793945313
random,128,0.2,iid,betting,1000,0.342,0.05408015441894537,0.6023065490722656,0.7104668579101563
random,128,0.2,iid,betting,2000,0.332,0.039620376586914086,0.6274476623535156,0.7066884155273437
random,128,0.2,iid,betting,5000,0.3292,0.02666440734863279,0.6437575561523438,0.6970863708496093
random,128,0.2,iid,betting,10000,0.3271,0.019492134475708023,0.6532015342712403,0.6921858032226562
random,128,0.2,adaptive,hoeffding,50,0.3480909264087677,0.49509071045660724,0.15681836313462505,1.0
random,128,0.2,adaptive,hoeffding,100,0.33773033797740937,0.3697340484969811,0.29253561352560953,1.0
random,128,0.2,adaptive,hoeffding,200,0.29526346633210776,0.274635328613893,0.4301012050539992,0.9793718622817853
random,128,0.2,adaptive,hoeffding,500,0.3019777130484581,0.18414610411317237,0.5138761828383696,0.8821683910647142
random,128,0.2,adaptive,hoeffding,1000,0.3148945390032604,0.13553405443948416,0.5495714065572554,0.8206395154362237
random,128,0.2,adaptive,hoeffding,2000,0.323282936191652,0.09945869996028617,0.5772583638480618,0.7761757637686342
random,128,0.2,adaptive,hoeffding,5000,0.332405387939699,0.06580888554144937,0.6017857265188516,0.7334034976017504
random,128,0.2,adaptive,hoeffding,10000,0.3226287361094728,0.04802981695136191,0.6293414469391653,0.7254010808418891
random,128,0.2,adaptive,betting,50,0.3480909264087677,0.27898147830214,0.3638100664037106,0.9217730230079906
random,128,0.2,adaptive,betting,100,0.33773033797740937,0.17777987478323992,0.48035739580094095,0.8359171453674208
random,128,0.2,adaptive,betting,200,0.29526346633210776,0.1143946409724187,0.5857699790074704,0.8145592609523078
random,128,0.2,adaptive,betting,500,0.30197771304845816,0.0758214321900359,0.6178374055724998,0.7694802699525716
random,128,0.2,adaptive,betting,1000,0.3148945390032606,0.055372500662154905,0.6268012402919607,0.7375462416162705
random,128,0.2,adaptive,betting,2000,0.32328293619165216,0.042673274631480546,0.6332212901595526,0.7185678394225137
random,128,0.2,adaptive,betting,5000,0.332405387939699,0.028444297791604733,0.6389677782812908,0.6958563738645003
random,128,0.2,adaptive,betting,10000,0.32262873610947235,0.020730531302332045,0.6564880228944083,0.6979490854990724
random,128,0.5,iid,hoeffding,50,0.58,0.34656349731962505,0.07343650268037494,0.7665634973196251
random,128,0.5,iid,hoeffding,100,0.57,0.25881383394788676,0.17118616605211323,0.6888138339478869
random,128,0.5,iid,hoeffding,200,0.545,0.19224473002972509,0.2627552699702749,0.647244730029725
random,128,0.5,iid,hoeffding,500,0.574,0.12890227287922065,0.2970977271207794,0.5549022728792207
random,128,0.5,iid,hoeffding,1000,0.594,0.09487383810763891,0.3111261618923611,0.500873838107639
random,128,0.5,iid,hoeffding,2000,0.602,0.06962108997220032,0.32837891002779973,0.4676210899722003
random,128,0.5,iid,hoeffding,5000,0.5988,0.046066219879014554,0.3551337801209854,0.4472662198790146
random,128,0.5,iid,hoeffding,10000,0.6002,0.03362087186595333,0.36617912813404674,0.43342087186595335
random,128,0.5,iid,betting,50,0.58,0.22875518798828143,0.19915008544921853,0.6566604614257814
random,128,0.5,iid,betting,100,0.57,0.15032432556152342,0.283079833984375,0.5837284851074218
random,128,0.5,iid,betting,200,0.545,0.10729049682617181,0.3493591308593751,0.5639401245117187
random,128,0.5,iid,betting,500,0.574,0.07329019165039063,0.3544453125,0.5010256958007813
random,128,0.5,iid,betting,1000,0.594,0.05255053710937496,0.35455615234375015,0.4596572265625001
random,128,0.5,iid,betting,2000,0.602,0.03854783630371095,0.3598980102539062,0.4369936828613281
random,128,0.5,iid,betting,5000,0.5988,0.026483801269531315,0.3748026855468749,0.42777028808593753
random,128,0.5,iid,betting,10000,0.6002,0.019561679077148453,0.3802846160888671,0.419407974243164
random,128,0.5,adaptive,hoeffding,50,0.623007071113243,0.49509071045660724,-0.11809778156985029,0.8720836393433642
random,128,0.5,adaptive,hoeffding,100,0.574141570048323,0.3697340484969811,0.05612438145469589,0.7955924784486581
random,128,0.5,adaptive,hoeffding,200,0.5754291722486687,0.274635328613893,0.1499354991374382,0.6992061563652243
random,128,0.5,adaptive,hoeffding,500,0.5781037949774073,0.18414610411317237,0.2377501009094204,0.6060423091357651
random,128,0.5,adaptive,hoeffding,1000,0.5897915619186924,0.13553405443948416,0.2746743836418234,0.5457424925207918
random,128,0.5,adaptive,hoeffding,2000,0.5974603042906419,0.09945869996028617,0.3030809957490719,0.5019983956696443
random,128,0.5,adaptive,hoeffding,5000,0.5986885156219282,0.06580888554144937,0.3355025988366225,0.4671203699195212
random,128,0.5,adaptive,hoeffding,10000,0.5991999883524238,0.04802981695136191,0.3527701946962143,0.44882982859893805
random,128,0.5,adaptive,betting,50,0.623007071113243,0.3224246010520153,0.0761969481836432,0.7210461502876739
random,128,0.5,adaptive,betting,100,0.5741415700483231,0.20411009975733552,0.22359364685341865,0.6318138463680897
random,128,0.5,adaptive,betting,200,0.575429172248669,0.14794235870630412,0.27515116805173623,0.5710358854643445
random,128,0.5,adaptive,betting,500,0.5781037949774076,0.10248265336232101,0.3172098891015266,0.5221751958261687
random,128,0.5,adaptive,betting,1000,0.5897915619186926,0.07664726643337616,0.33221276383536946,0.4855072967021218
random,128,0.5,adaptive,betting,2000,0.5974603042395525,0.057103077555746395,0.3448377362922157,0.4590438914037085
random,128,0.5,adaptive,betting,5000,0.5986885155674332,0.03861159234278605,0.36241072288550447,0.43963390757107657
random,128,0.5,adaptive,betting,10000,0.5991999882740884,0.028354695273034636,0.3722878374249181,0.4289972279709874
random,64,0.1,iid,hoeffding,50,0.46,0.34656349731962505,0.19343650268037493,0.886563497319625
random,64,0.1,iid,hoeffding,100,0.48,0.25881383394788676,0.2611861660521133,0.7788138339478867
random,64,0.1,iid,hoeffding,200,0.51,0.19224473002972509,0.2977552699702749,0.6822447300297251
random,64,0.1,iid,hoeffding,500,0.504,0.12890227287922065,0.36709772712077937,0.6249022728792206
random,64,0.1,iid,hoeffding,1000,0.505,0.09487383810763891,0.40012616189236105,0.5898738381076389
random,64,0.1,iid,hoeffding,2000,0.5105,0.06962108997220032,0.41987891002779976,0.5591210899722003
random,64,0.1,iid,hoeffding,5000,0.5066,0.046066219879014554,0.44733378012098535,0.5394662198790146
random,64,0.1,iid,hoeffding,10000,0.5028,0.03362087186595333,0.46357912813404667,0.5308208718659533
random,64,0.1,iid,betting,50,0.46,0.2329998779296875,0.30638671875,0.7723864746093749
random,64,0.1,iid,betting,100,0.48,0.15191284179687506,0.3648632812499999,0.66868896484375
random,64,0.1,iid,betting,200,0.51,0.10636138916015622,0.3800460815429687,0.5927688598632812
random,64,0.1,iid,betting,500,0.504,0.07347827148437497,0.4206721191406251,0.567628662109375
random,64,0.1,iid,betting,1000,0.505,0.05578826904296874,0.4384574890136719,0.5500340270996094
random,64,0.1,iid,betting,2000,0.5105,0.041438041687011706,0.4476128540039064,0.5304889373779298
random,64,0.1,iid,betting,5000,0.5066,0.027934751892089854,0.4652351837158203,0.5211046875
random,64,0.1,iid,betting,10000,0.5028,0.020376831054687572,0.4767084045410155,0.5174620666503906
random,64,0.1,adaptive,hoeffding,50,0.48310187220573425,0.49509071045660724,0.021807417337658563,1.0
random,64,0.1,adaptive,hoeffding,100,0.46808790922164917,0.3697340484969811,0.16217804228136967,0.9016461392753319
random,64,0.1,adaptive,hoeffding,200,0.49429199650883676,0.274635328613893,0.23107267487727023,0.7803433321050562
random,64,0.1,adaptive,hoeffding,500,0.4993871010541916,0.18414610411317237,0.31646679483263607,0.6847590030589807
random,64,0.1,adaptive,hoeffding,1000,0.4954080166220665,0.13553405443948416,0.36905792893844935,0.6401260378174176
random,64,0.1,adaptive,hoeffding,2000,0.49251072596758605,0.09945869996028617,0.4080305740721277,0.6069479739927002
random,64,0.1,adaptive,hoeffding,5000,0.502609390065074,0.06580888554144937,0.43158172439347664,0.5631994954763754
random,64,0.1,adaptive,hoeffding,10000,0.5040734865859151,0.04802981695136191,0.447896696462723,0.5439563303654468
random,64,0.1,adaptive,betting,50,0.4831018722057343,0.2900484876135956,0.22446850274036212,0.8045654779675533
random,64,0.1,adaptive,betting,100,0.4680879092216491,0.171419987688062,0.35684837558924687,0.6996883509653709
random,64,0.1,adaptive,betting,200,0.49429199650883676,0.11441789185542978,0.3889658424016772,0.6178016261125368
random,64,0.1,adaptive,betting,500,0.4993871010541913,0.07449168944544393,0.42517054960011735,0.5741539284910052
random,64,0.1,adaptive,betting,1000,0.49540801662206657,0.05495975268240552,0.44964389977941366,0.5595634051442246
random,64,0.1,adaptive,betting,2000,0.49251072596758577,0.04176874372154335,0.4656682026026038,0.5492056900456905
random,64,0.1,adaptive,betting,5000,0.5026093900650732,0.028066020886192533,0.4693585560348321,0.5254905978072172
random,64,0.1,adaptive,betting,10000,0.5040734865859136,0.0206718926621558,0.4752883833920405,0.5166321687163521
random,64,0.2,iid,hoeffding,50,0.46,0.34656349731962505,0.19343650268037493,0.886563497319625
random,64,0.2,iid,hoeffding,100,0.53,0.25881383394788676,0.21118616605211327,0.7288138339478867
random,64,0.2,iid,hoeffding,200,0.535,0.19224473002972509,0.2727552699702749,0.657244730029725
random,64,0.2,iid,hoeffding,500,0.554,0.12890227287922065,0.3170977271207793,0.5749022728792206
random,64,0.2,iid,hoeffding,1000,0.553,0.09487383810763891,0.352126161892361,0.5418738381076389
random,64,0.2,iid,hoeffding,2000,0.557,0.06962108997220032,0.37337891002779966,0.5126210899722002
random,64,0.2,iid,hoeffding,5000,0.552,0.046066219879014554,0.40193378012098535,0.49406621987901456
random,64,0.2,iid,hoeffding,10000,0.5496,0.03362087186595333,0.4167791281340467,0.48402087186595333
random,64,0.2,iid,betting,50,0.46,0.23406463623046878,0.30461517333984367,0.7727444458007813
random,64,0.2,iid,betting,100,0.53,0.15160896301269539,0.31484176635742167,0.6180596923828124
random,64,0.2,iid,betting,200,0.535,0.10604290008544928,0.3549655151367186,0.5670513153076171
random,64,0.2,iid,betting,500,0.554,0.0735591735839844,0.3723245239257812,0.51944287109375
random,64,0.2,iid,betting,1000,0.553,0.055202377319335916,0.3918479919433593,0.5022527465820311
random,64,0.2,iid,betting,2000,0.557,0.04095201110839841,0.40207035827636717,0.483974380493164
random,64,0.2,iid,betting,5000,0.552,0.027496032714843743,0.42045800781249987,0.47545007324218735
random,64,0.2,iid,betting,10000,0.5496,0.020115002441406238,0.43026340332031254,0.470493408203125
random,64,0.2,adaptive,hoeffding,50,0.4841767290234566,0.49509071045660724,0.020732560519936216,1.0
random,64,0.2,adaptive,hoeffding,100,0.513394668251276,0.3697340484969811,0.1168712832517429,0.8563393802457051
random,64,0.2,adaptive,hoeffding,200,0.5474020544439554,0.274635328613893,0.17796261694215154,0.7272332741699377
random,64,0.2,adaptive,hoeffding,500,0.5462750031352043,0.18414610411317237,0.2695788927516234,0.6378711009779681
random,64,0.2,adaptive,hoeffding,1000,0.5353746262937784,0.13553405443948416,0.3290913192667374,0.6001594281457058
random,64,0.2,adaptive,hoeffding,2000,0.5348925083838403,0.09945869996028617,0.3656487916558735,0.5645661915764459
random,64,0.2,adaptive,hoeffding,5000,0.5417263740852475,0.06580888554144937,0.39246474037330314,0.5240825114562019
random,64,0.2,adaptive,hoeffding,10000,0.5474665794931353,0.04802981695136191,0.40450360355550286,0.5005632374582266
random,64,0.2,adaptive,betting,50,0.48417672902345665,0.2905148445779351,0.21982810303731715,0.8008577921931873
random,64,0.2,adaptive,betting,100,0.513394668251276,0.17311380143967778,0.3064773863237722,0.6527049892031278
random,64,0.2,adaptive,betting,200,0.5474020544439556,0.11355844908610091,0.33173564843641756,0.5588525466086194
random,64,0.2,adaptive,betting,500,0.5462750031352047,0.07487098654747693,0.37678523747502446,0.5265272105699783
random,64,0.2,adaptive,betting,1000,0.5353746262937783,0.05481396946341566,0.4078192782488663,0.5174472171756976
random,64,0.2,adaptive,betting,2000,0.5348925083838405,0.04182352534114686,0.4220981026654812,0.5057451533477749
random,64,0.2,adaptive,betting,5000,0.5417263740852475,0.02842355948245473,0.4293824181613346,0.48622953712624406
random,64,0.2,adaptive,betting,10000,0.5474665794931354,0.020395411591516976,0.4320169715369324,0.47280779471996637
random,64,0.5,iid,hoeffding,50,0.66,0.34656349731962505,-0.006563497319625133,0.6865634973196251
random,64,0.5,iid,hoeffding,100,0.71,0.25881383394788676,0.03118616605211333,0.5488138339478867
random,64,0.5,iid,hoeffding,200,0.725,0.19224473002972509,0.08275526997027494,0.4672447300297251
random,64,0.5,iid,hoeffding,500,0.73,0.12890227287922065,0.1410977271207794,0.39890227287922064
random,64,0.5,iid,hoeffding,1000,0.72,0.09487383810763891,0.18512616189236109,0.37487383810763897
random,64,0.5,iid,hoeffding,2000,0.7205,0.06962108997220032,0.20987891002779968,0.34912108997220026
random,64,0.5,iid,hoeffding,5000,0.7218,0.046066219879014554,0.2321337801209854,0.3242662198790146
random,64,0.5,iid,hoeffding,10000,0.721,0.03362087186595333,0.24537912813404672,0.31262087186595333
random,64,0.5,iid,betting,50,0.66,0.2265979003906251,0.12463623046874983,0.57783203125
random,64,0.5,iid,betting,100,0.71,0.12937858581542966,0.1562750244140625,0.4150321960449218
random,64,0.5,iid,betting,200,0.725,0.08953504562377934,0.1825668334960937,0.3616369247436524
random,64,0.5,iid,betting,500,0.73,0.06252490997314453,0.20775695800781246,0.3328067779541015
random,64,0.5,iid,betting,1000,0.72,0.047280578613281166,0.23319091796875013,0.32775207519531246
random,64,0.5,iid,betting,2000,0.7205,0.03548424339294426,0.2443663177490235,0.315334804534912
random,64,0.5,iid,betting,5000,0.7218,0.02397087173461926,0.2544280273437499,0.30236977081298844
random,64,0.5,iid,betting,10000,0.721,0.01751248550415041,0.2616050720214843,0.29663004302978513
random,64,0.5,adaptive,hoeffding,50,0.7110812013223767,0.49509071045660724,-0.20617191177898397,0.7840095091342305
random,64,0.5,adaptive,hoeffding,100,0.7280847696308047,0.3697340484969811,-0.0978188181277857,0.6416492788661764
random,64,0.5,adaptive,hoeffding,200,0.7311329974082764,0.274635328613893,-0.005768326022169479,0.5435023312056166
random,64,0.5,adaptive,hoeffding,500,0.7361077687540092,0.18414610411317237,0.07974612713281848,0.44803833535916315
random,64,0.5,adaptive,hoeffding,1000,0.7207211632730905,0.13553405443948416,0.14374478228742527,0.41481289116639364
random,64,0.5,adaptive,hoeffding,2000,0.7266498543611378,0.09945869996028617,0.17389144567857606,0.3728088455991483
random,64,0.5,adaptive,hoeffding,5000,0.7204270347272977,0.06580888554144937,0.2137640797312529,0.3453818508141516
random,64,0.5,adaptive,hoeffding,10000,0.7237765304464964,0.04802981695136191,0.22819365260214175,0.3242532865048655
random,64,0.5,adaptive,betting,50,0.7110812013223768,0.3109346018517698,0.0,0.6218692037035396
random,64,0.5,adaptive,betting,100,0.7280847696308045,0.19235507668294688,0.06080512293608609,0.44551527630197985
random,64,0.5,adaptive,betting,200,0.7311329974082762,0.13429737426650495,0.12242153367027409,0.391016282203284
random,64,0.5,adaptive,betting,500,0.7361077687540093,0.09160180540576635,0.16653566139800313,0.3497392722095358
random,64,0.5,adaptive,betting,1000,0.7207211632730903,0.06667344371994527,0.20995841737442045,0.343305304814311
random,64,0.5,adaptive,betting,2000,0.7266498543611393,0.04976520490910674,0.22222905686771655,0.32175946668593003
random,64,0.5,adaptive,betting,5000,0.7204270347272975,0.03358373118764768,0.24541701390335902,0.3125844762786544
random,64,0.5,adaptive,betting,10000,0.7237765304464968,0.024880427092084212,0.2510906314657656,0.300851485649934
random,32,0.1,iid,hoeffding,50,0.78,0.34656349731962505,-0.12656349731962502,0.566563497319625
random,32,0.1,iid,hoeffding,100,0.79,0.25881383394788676,-0.04881383394788674,0.46881383394788667
random,32,0.1,iid,hoeffding,200,0.81,0.19224473002972509,-0.0022447300297252504,0.38224473002972503
random,32,0.1,iid,hoeffding,500,0.814,0.12890227287922065,0.05709772712077943,0.3149022728792207
random,32,0.1,iid,hoeffding,1000,0.804,0.09487383810763891,0.10112616189236101,0.2908738381076389
random,32,0.1,iid,hoeffding,2000,0.8065,0.06962108997220032,0.12387891002779972,0.2631210899722003
random,32,0.1,iid,hoeffding,5000,0.8072,0.046066219879014554,0.14673378012098537,0.23886621987901457
random,32,0.1,iid,hoeffding,10000,0.8044,0.03362087186595333,0.1619791281340467,0.2292208718659533
random,32,0.1,iid,betting,50,0.78,0.2170886993408203,0.028876342773437536,0.46305374145507816
random,32,0.1,iid,betting,100,0.79,0.13787494659423832,0.08244140624999996,0.3581912994384766
random,32,0.1,iid,betting,200,0.81,0.09119586944580088,0.10584869384765605,0.2882404327392578
random,32,0.1,iid,betting,500,0.814,0.059500053405761755,0.13211517333984357,0.2511152801513671
random,32,0.1,iid,betting,1000,0.804,0.0456673126220703,0.15315490722656244,0.24448953247070304
random,32,0.1,iid,betting,2000,0.8065,0.03377397727966308,0.16138778686523436,0.22893574142456052
random,32,0.1,iid,betting,5000,0.8072,0.022581469726562498,0.17096525878906255,0.21612819824218754
random,32,0.1,iid,betting,10000,0.8044,0.016636437988281183,0.17936367187500002,0.21263654785156239
random,32,0.1,adaptive,hoeffding,50,0.8366851127147674,0.49509071045660724,-0.33177582317137455,0.6584055977418398
random,32,0.1,adaptive,hoeffding,100,0.8199802511930465,0.3697340484969811,-0.18971429969002762,0.5497537973039346
random,32,0.1,adaptive,hoeffding,200,0.8177345362305641,0.274635328613893,-0.09236986484445708,0.4569007923833288
random,32,0.1,adaptive,hoeffding,500,0.8140839985609054,0.18414610411317237,0.001769897325922254,0.37006210555226693
random,32,0.1,adaptive,hoeffding,1000,0.795939603716135,0.13553405443948416,0.06852634184438078,0.33959445072334915
random,32,0.1,adaptive,hoeffding,2000,0.8020573081076146,0.09945869996028617,0.09848399193209922,0.29740139185267167
random,32,0.1,adaptive,hoeffding,5000,0.8025750664174557,0.06580888554144937,0.13161604804109495,0.2632338191239937
random,32,0.1,adaptive,hoeffding,10000,0.8020974078088999,0.04802981695136191,0.1498727752397382,0.24593240914246195
random,32,0.1,adaptive,betting,50,0.8366851127147675,0.23080560387958943,0.0,0.46161120775917885
random,32,0.1,adaptive,betting,100,0.8199802511930467,0.1681482660184761,0.02415740870199168,0.3604539407389439
random,32,0.1,adaptive,betting,200,0.8177345362305636,0.10652422910926851,0.08071718584503274,0.29376564406356975
random,32,0.1,adaptive,betting,500,0.8140839985609049,0.06530106309497546,0.12449163690664067,0.2550937630965916
random,32,0.1,adaptive,betting,1000,0.7959396037161348,0.04738777684139983,0.15859384515061858,0.25336939883341825
random,32,0.1,adaptive,betting,2000,0.8020573081076147,0.03573076272002351,0.16344120475929946,0.2349027301993465
random,32,0.1,adaptive,betting,5000,0.8025750664174525,0.024190789421028536,0.17370745056209602,0.2220890294041531
random,32,0.1,adaptive,betting,10000,0.8020974078089002,0.01770893348182051,0.18047610690285987,0.2158939738665009
random,32,0.2,iid,hoeffding,50,0.78,0.34656349731962505,-0.12656349731962502,0.566563497319625
random,32,0.2,iid,hoeffding,100,0.79,0.25881383394788676,-0.04881383394788674,0.46881383394788667
random,32,0.2,iid,hoeffding,200,0.81,0.19224473002972509,-0.0022447300297252504,0.38224473002972503
random,32,0.2,iid,hoeffding,500,0.826,0.12890227287922065,0.04509772712077942,0.30290227287922067
random,32,0.2,iid,hoeffding,1000,0.82,0.09487383810763891,0.08512616189236111,0.274873838107639
random,32,0.2,iid,hoeffding,2000,0.826,0.06962108997220032,0.10437891002779975,0.24362108997220033
random,32,0.2,iid,hoeffding,5000,0.8262,0.046066219879014554,0.12773378012098535,0.21986621987901456
random,32,0.2,iid,hoeffding,10000,0.825,0.03362087186595333,0.14137912813404674,0.20862087186595335
random,32,0.2,iid,betting,50,0.78,0.21754173278808592,0.028601074218750022,0.46368453979492186
random,32,0.2,iid,betting,100,0.79,0.13919506072998045,0.08203125,0.3604213714599609
random,32,0.2,iid,betting,200,0.81,0.09216445922851568,0.10561096191406238,0.28993988037109375
random,32,0.2,iid,betting,500,0.826,0.058426322937011665,0.12212603759765628,0.2389786834716796
random,32,0.2,iid,betting,1000,0.82,0.04499000549316412,0.13854858398437497,0.2285285949707032
random,32,0.2,iid,betting,2000,0.826,0.032776779174804704,0.14316979980468747,0.20872335815429688
random,32,0.2,iid,betting,5000,0.8262,0.022025223541259797,0.15263721923828122,0.1966876663208008
random,32,0.2,iid,betting,10000,0.825,0.01621723175048828,0.1592453002929688,0.19167976379394536
random,32,0.2,adaptive,hoeffding,50,0.8842861807346344,0.49509071045660724,-0.3793768911912416,0.6108045297219729
random,32,0.2,adaptive,hoeffding,100,0.8363260841369629,0.3697340484969811,-0.20606013263394396,0.5334079643600182
random,32,0.2,adaptive,hoeffding,200,0.8431929802894592,0.274635328613893,-0.11782830890335227,0.43144234832443384
random,32,0.2,adaptive,hoeffding,500,0.8309372235238552,0.18414610411317237,-0.015083327637027688,0.3532088805893171
random,32,0.2,adaptive,hoeffding,1000,0.8118424634188414,0.13553405443948416,0.05262348214167445,0.3236915910206428
random,32,0.2,adaptive,hoeffding,2000,0.8229522695317865,0.09945869996028617,0.07758903050792743,0.27650643042849965
random,32,0.2,adaptive,hoeffding,5000,0.8206044890105725,0.06580888554144937,0.11358662544797815,0.2452043965308769
random,32,0.2,adaptive,hoeffding,10000,0.8236734296932816,0.04802981695136191,0.1282967533553565,0.22435638725808027
random,32,0.2,adaptive,betting,50,0.8842861807346343,0.20144411959800895,0.0,0.4028882391960179
random,32,0.2,adaptive,betting,100,0.8363260841369629,0.16708437893329692,0.005292386527123494,0.33946114439371733
random,32,0.2,adaptive,betting,200,0.8431929802894591,0.10759380129749069,0.05190765910532491,0.2670952617003063
random,32,0.2,adaptive,betting,500,0.8309372235238555,0.06504078683944364,0.10720741739353812,0.2372889910724254
random,32,0.2,adaptive,betting,1000,0.8118424634188419,0.04810485416898197,0.14115190332711192,0.23736161166507586
random,32,0.2,adaptive,betting,2000,0.8229522695317866,0.03543990431964056,0.1426341906082339,0.21351399924751502
random,32,0.2,adaptive,betting,5000,0.8206044890105726,0.024402320317616077,0.15518296044844504,0.2039876010836772
random,32,0.2,adaptive,betting,10000,0.8236734296932817,0.017627856343069126,0.15881723949812676,0.194072952184265
random,32,0.5,iid,hoeffding,50,0.88,0.34656349731962505,-0.2265634973196251,0.4665634973196251
random,32,0.5,iid,hoeffding,100,0.85,0.25881383394788676,-0.1088138339478868,0.40881383394788684
random,32,0.5,iid,hoeffding,200,0.86,0.19224473002972509,-0.05224473002972507,0.3322447300297251
random,32,0.5,iid,hoeffding,500,0.87,0.12890227287922065,0.0010977271207793793,0.25890227287922063
random,32,0.5,iid,hoeffding,1000,0.87,0.09487383810763891,0.03512616189236106,0.22487383810763895
random,32,0.5,iid,hoeffding,2000,0.8685,0.06962108997220032,0.06187891002779966,0.20112108997220024
random,32,0.5,iid,hoeffding,5000,0.8688,0.046066219879014554,0.08513378012098538,0.17726621987901459
random,32,0.5,iid,hoeffding,10000,0.8678,0.03362087186595333,0.09857912813404668,0.1658208718659533
random,32,0.5,iid,betting,50,0.88,0.15316162109375003,0.0,0.30632324218750007
random,32,0.5,iid,betting,100,0.85,0.12023544311523449,0.03858032226562491,0.2790512084960939
random,32,0.5,iid,betting,200,0.86,0.07887847900390638,0.0664111328125,0.22416809082031275
random,32,0.5,iid,betting,500,0.87,0.050095100402831994,0.0847888183593749,0.1849790191650389
random,32,0.5,iid,betting,1000,0.87,0.0375135421752929,0.09546874999999999,0.1704958343505858
random,32,0.5,iid,betting,2000,0.8685,0.028124176025390746,0.10498971557617165,0.16123806762695314
random,32,0.5,iid,betting,5000,0.8688,0.018801855468750017,0.11311035156250004,0.15071406250000008
random,32,0.5,iid,betting,10000,0.8678,0.013945559692382758,0.11863626708984376,0.14652738647460928
random,32,0.5,adaptive,hoeffding,50,0.9610966628789902,0.49509071045660724,-0.45618737333559745,0.533994047577617
random,32,0.5,adaptive,hoeffding,100,0.9172987010329962,0.3697340484969811,-0.28703274952997715,0.45243534746398495
random,32,0.5,adaptive,hoeffding,200,0.8781885741651059,0.274635328613893,-0.15282390277899882,0.3964467544487871
random,32,0.5,adaptive,hoeffding,500,0.8644264500662684,0.18414610411317237,-0.04857255417944084,0.31971965404690394
random,32,0.5,adaptive,hoeffding,1000,0.8386334848813712,0.13553405443948416,0.025832460679144575,0.29690056955811295
random,32,0.5,adaptive,hoeffding,2000,0.8561917826393619,0.09945869996028617,0.04434951740035187,0.24326691732092431
random,32,0.5,adaptive,hoeffding,5000,0.8628317385494709,0.06580888554144937,0.0713593759090797,0.20297714699197844
random,32,0.5,adaptive,hoeffding,10000,0.8657829405907541,0.04802981695136191,0.086187242457884,0.18224687636060777
random,32,0.5,adaptive,betting,50,0.96109666287899,0.18377491238922639,0.0,0.36754982477845277
random,32,0.5,adaptive,betting,100,0.9172987006923982,0.14200912142548944,0.0,0.2840182428509789
random,32,0.5,adaptive,betting,200,0.878188573824508,0.1222446443115266,0.0,0.2444892886230532
random,32,0.5,adaptive,betting,500,0.8644264497937908,0.07724806490702757,0.062447152581758036,0.21694328239581318
random,32,0.5,adaptive,betting,1000,0.838633484574834,0.05560246215247183,0.10779716873443534,0.219002093039379
random,32,0.5,adaptive,betting,2000,0.856191782400944,0.041106393636792415,0.10357150754797839,0.18578429482156322
random,32,0.5,adaptive,betting,5000,0.8628317382020594,0.0273091099927118,0.11032981121568985,0.16494803120111345
random,32,0.5,adaptive,betting,10000,0.8657829402331281,0.020143028249446526,0.11432847732376439,0.15461453382265744
